"year","state","sales"
1985,"Alabama",33.34
1986,"Alabama",33.34
1987,"Alabama",33.34
1988,"Alabama",33.34
1989,"Alabama",33.34
1990,"Alabama",33.34
1991,"Alabama",33.34
1992,"Alabama",33.34
1993,"Alabama",33.34
1994,"Alabama",33.34
1995,"Alabama",33.34
1996,"Alabama",33.34
1997,"Alabama",33.34
1998,"Alabama",33.34
1999,"Alabama",33.34
2000,"Alabama",33.34
2001,"Alabama",33.34
2002,"Alabama",33.34
2003,"Alabama",33.34
2004,"Alabama",33.34
2005,"Alabama",33.34
2006,"Alabama",33.34
2007,"Alabama",33.34
2008,"Alabama",33.34
2009,"Alabama",33.34
2010,"Alabama",33.34
2011,"Alabama",50
2012,"Alabama",50
1985,"Alaska",33.34
1986,"Alaska",33.34
1987,"Alaska",33.34
1988,"Alaska",33.34
1989,"Alaska",33.34
1990,"Alaska",33.34
1991,"Alaska",33.34
1992,"Alaska",33.34
1993,"Alaska",33.34
1994,"Alaska",33.34
1995,"Alaska",33.34
1996,"Alaska",33.34
1997,"Alaska",33.34
1998,"Alaska",33.34
1999,"Alaska",33.34
2000,"Alaska",33.34
2001,"Alaska",33.34
2002,"Alaska",33.34
2003,"Alaska",33.34
2004,"Alaska",33.34
2005,"Alaska",33.34
2006,"Alaska",33.34
2007,"Alaska",33.34
2008,"Alaska",33.34
2009,"Alaska",33.34
2010,"Alaska",33.34
2011,"Alaska",33.34
2012,"Alaska",33.34
1985,"Arizona",33.34
1986,"Arizona",33.34
1987,"Arizona",33.34
1988,"Arizona",33.34
1989,"Arizona",33.34
1990,"Arizona",33.34
1991,"Arizona",33.34
1992,"Arizona",50
1993,"Arizona",50
1994,"Arizona",50
1995,"Arizona",50
1996,"Arizona",50
1997,"Arizona",50
1998,"Arizona",50
1999,"Arizona",50
2000,"Arizona",50
2001,"Arizona",50
2002,"Arizona",50
2003,"Arizona",50
2004,"Arizona",50
2005,"Arizona",50
2006,"Arizona",50
2007,"Arizona",60
2008,"Arizona",70
2009,"Arizona",80
2010,"Arizona",80
2011,"Arizona",80
2012,"Arizona",80
1985,"Arkansas",33.34
1986,"Arkansas",33.34
1987,"Arkansas",33.34
1988,"Arkansas",33.34
1989,"Arkansas",33.34
1990,"Arkansas",33.34
1991,"Arkansas",33.34
1992,"Arkansas",33.34
1993,"Arkansas",33.34
1994,"Arkansas",33.34
1995,"Arkansas",50
1996,"Arkansas",50
1997,"Arkansas",50
1998,"Arkansas",50
1999,"Arkansas",50
2000,"Arkansas",50
2001,"Arkansas",50
2002,"Arkansas",50
2003,"Arkansas",50
2004,"Arkansas",50
2005,"Arkansas",50
2006,"Arkansas",50
2007,"Arkansas",50
2008,"Arkansas",50
2009,"Arkansas",50
2010,"Arkansas",50
2011,"Arkansas",50
2012,"Arkansas",50
1985,"California",33.34
1986,"California",33.34
1987,"California",33.34
1988,"California",33.34
1989,"California",33.34
1990,"California",33.34
1991,"California",33.34
1992,"California",33.34
1993,"California",50
1994,"California",50
1995,"California",50
1996,"California",50
1997,"California",50
1998,"California",50
1999,"California",50
2000,"California",50
2001,"California",50
2002,"California",50
2003,"California",50
2004,"California",50
2005,"California",50
2006,"California",50
2007,"California",50
2008,"California",50
2009,"California",50
2010,"California",50
2011,"California",100
2012,"California",100
1985,"Colorado",33.34
1986,"Colorado",33.34
1987,"Colorado",33.34
1988,"Colorado",33.34
1989,"Colorado",33.34
1990,"Colorado",33.34
1991,"Colorado",33.34
1992,"Colorado",33.34
1993,"Colorado",33.34
1994,"Colorado",33.34
1995,"Colorado",33.34
1996,"Colorado",33.34
1997,"Colorado",33.34
1998,"Colorado",33.34
1999,"Colorado",33.34
2000,"Colorado",33.34
2001,"Colorado",33.34
2002,"Colorado",33.34
2003,"Colorado",33.34
2004,"Colorado",33.34
2005,"Colorado",33.34
2006,"Colorado",33.34
2007,"Colorado",33.34
2008,"Colorado",33.34
2009,"Colorado",100
2010,"Colorado",100
2011,"Colorado",100
2012,"Colorado",100
1985,"Connecticut",50
1986,"Connecticut",50
1987,"Connecticut",50
1988,"Connecticut",50
1989,"Connecticut",50
1990,"Connecticut",50
1991,"Connecticut",50
1992,"Connecticut",50
1993,"Connecticut",50
1994,"Connecticut",50
1995,"Connecticut",50
1996,"Connecticut",50
1997,"Connecticut",50
1998,"Connecticut",50
1999,"Connecticut",50
2000,"Connecticut",50
2001,"Connecticut",50
2002,"Connecticut",50
2003,"Connecticut",50
2004,"Connecticut",50
2005,"Connecticut",50
2006,"Connecticut",50
2007,"Connecticut",50
2008,"Connecticut",50
2009,"Connecticut",50
2010,"Connecticut",50
2011,"Connecticut",50
2012,"Connecticut",50
1985,"Delaware",33.34
1986,"Delaware",33.34
1987,"Delaware",33.34
1988,"Delaware",33.34
1989,"Delaware",33.34
1990,"Delaware",33.34
1991,"Delaware",33.34
1992,"Delaware",33.34
1993,"Delaware",33.34
1994,"Delaware",33.34
1995,"Delaware",33.34
1996,"Delaware",33.34
1997,"Delaware",33.34
1998,"Delaware",33.34
1999,"Delaware",33.34
2000,"Delaware",33.34
2001,"Delaware",33.34
2002,"Delaware",33.34
2003,"Delaware",33.34
2004,"Delaware",33.34
2005,"Delaware",33.34
2006,"Delaware",33.34
2007,"Delaware",33.34
2008,"Delaware",33.34
2009,"Delaware",33.34
2010,"Delaware",33.34
2011,"Delaware",33.34
2012,"Delaware",33.34
1985,"Florida",50
1986,"Florida",50
1987,"Florida",50
1988,"Florida",50
1989,"Florida",50
1990,"Florida",50
1991,"Florida",50
1992,"Florida",50
1993,"Florida",50
1994,"Florida",50
1995,"Florida",50
1996,"Florida",50
1997,"Florida",50
1998,"Florida",50
1999,"Florida",50
2000,"Florida",50
2001,"Florida",50
2002,"Florida",50
2003,"Florida",50
2004,"Florida",50
2005,"Florida",50
2006,"Florida",50
2007,"Florida",50
2008,"Florida",50
2009,"Florida",50
2010,"Florida",50
2011,"Florida",50
2012,"Florida",50
1985,"Georgia",33.34
1986,"Georgia",33.34
1987,"Georgia",33.34
1988,"Georgia",33.34
1989,"Georgia",33.34
1990,"Georgia",33.34
1991,"Georgia",33.34
1992,"Georgia",33.34
1993,"Georgia",33.34
1994,"Georgia",33.34
1995,"Georgia",50
1996,"Georgia",50
1997,"Georgia",50
1998,"Georgia",50
1999,"Georgia",50
2000,"Georgia",50
2001,"Georgia",50
2002,"Georgia",50
2003,"Georgia",50
2004,"Georgia",50
2005,"Georgia",50
2006,"Georgia",80
2007,"Georgia",90
2008,"Georgia",100
2009,"Georgia",100
2010,"Georgia",100
2011,"Georgia",100
2012,"Georgia",100
1985,"Hawaii",33.34
1986,"Hawaii",33.34
1987,"Hawaii",33.34
1988,"Hawaii",33.34
1989,"Hawaii",33.34
1990,"Hawaii",33.34
1991,"Hawaii",33.34
1992,"Hawaii",33.34
1993,"Hawaii",33.34
1994,"Hawaii",33.34
1995,"Hawaii",33.34
1996,"Hawaii",33.34
1997,"Hawaii",33.34
1998,"Hawaii",33.34
1999,"Hawaii",33.34
2000,"Hawaii",33.34
2001,"Hawaii",33.34
2002,"Hawaii",33.34
2003,"Hawaii",33.34
2004,"Hawaii",33.34
2005,"Hawaii",33.34
2006,"Hawaii",33.34
2007,"Hawaii",33.34
2008,"Hawaii",33.34
2009,"Hawaii",33.34
2010,"Hawaii",33.34
2011,"Hawaii",33.34
2012,"Hawaii",33.34
1985,"Idaho",33.34
1986,"Idaho",33.34
1987,"Idaho",33.34
1988,"Idaho",33.34
1989,"Idaho",33.34
1990,"Idaho",33.34
1991,"Idaho",33.34
1992,"Idaho",33.34
1993,"Idaho",33.34
1994,"Idaho",33.34
1995,"Idaho",50
1996,"Idaho",50
1997,"Idaho",50
1998,"Idaho",50
1999,"Idaho",50
2000,"Idaho",50
2001,"Idaho",50
2002,"Idaho",50
2003,"Idaho",50
2004,"Idaho",50
2005,"Idaho",50
2006,"Idaho",50
2007,"Idaho",50
2008,"Idaho",50
2009,"Idaho",50
2010,"Idaho",50
2011,"Idaho",50
2012,"Idaho",50
1985,"Illinois",33.34
1986,"Illinois",33.34
1987,"Illinois",50
1988,"Illinois",50
1989,"Illinois",50
1990,"Illinois",50
1991,"Illinois",50
1992,"Illinois",50
1993,"Illinois",50
1994,"Illinois",50
1995,"Illinois",50
1996,"Illinois",50
1997,"Illinois",50
1998,"Illinois",50
1999,"Illinois",66.67
2000,"Illinois",83.33
2001,"Illinois",100
2002,"Illinois",100
2003,"Illinois",100
2004,"Illinois",100
2005,"Illinois",100
2006,"Illinois",100
2007,"Illinois",100
2008,"Illinois",100
2009,"Illinois",100
2010,"Illinois",100
2011,"Illinois",100
2012,"Illinois",100
1985,"Indiana",33.34
1986,"Indiana",33.34
1987,"Indiana",33.34
1988,"Indiana",33.34
1989,"Indiana",33.34
1990,"Indiana",33.34
1991,"Indiana",33.34
1992,"Indiana",33.34
1993,"Indiana",33.34
1994,"Indiana",33.34
1995,"Indiana",33.34
1996,"Indiana",33.34
1997,"Indiana",33.34
1998,"Indiana",33.34
1999,"Indiana",33.34
2000,"Indiana",50
2001,"Indiana",50
2002,"Indiana",50
2003,"Indiana",50
2004,"Indiana",50
2005,"Indiana",50
2006,"Indiana",50
2007,"Indiana",60
2008,"Indiana",70
2009,"Indiana",80
2010,"Indiana",90
2011,"Indiana",100
2012,"Indiana",100
1985,"Iowa",100
1986,"Iowa",100
1987,"Iowa",100
1988,"Iowa",100
1989,"Iowa",100
1990,"Iowa",100
1991,"Iowa",100
1992,"Iowa",100
1993,"Iowa",100
1994,"Iowa",100
1995,"Iowa",100
1996,"Iowa",100
1997,"Iowa",100
1998,"Iowa",100
1999,"Iowa",100
2000,"Iowa",100
2001,"Iowa",100
2002,"Iowa",100
2003,"Iowa",100
2004,"Iowa",100
2005,"Iowa",100
2006,"Iowa",100
2007,"Iowa",100
2008,"Iowa",100
2009,"Iowa",100
2010,"Iowa",100
2011,"Iowa",100
2012,"Iowa",100
1985,"Kansas",33.34
1986,"Kansas",33.34
1987,"Kansas",33.34
1988,"Kansas",33.34
1989,"Kansas",33.34
1990,"Kansas",33.34
1991,"Kansas",33.34
1992,"Kansas",33.34
1993,"Kansas",33.34
1994,"Kansas",33.34
1995,"Kansas",33.34
1996,"Kansas",33.34
1997,"Kansas",33.34
1998,"Kansas",33.34
1999,"Kansas",33.34
2000,"Kansas",33.34
2001,"Kansas",33.34
2002,"Kansas",33.34
2003,"Kansas",33.34
2004,"Kansas",33.34
2005,"Kansas",33.34
2006,"Kansas",33.34
2007,"Kansas",33.34
2008,"Kansas",33.34
2009,"Kansas",33.34
2010,"Kansas",33.34
2011,"Kansas",33.34
2012,"Kansas",33.34
1985,"Kentucky",33.34
1986,"Kentucky",50
1987,"Kentucky",50
1988,"Kentucky",50
1989,"Kentucky",50
1990,"Kentucky",50
1991,"Kentucky",50
1992,"Kentucky",50
1993,"Kentucky",50
1994,"Kentucky",50
1995,"Kentucky",50
1996,"Kentucky",50
1997,"Kentucky",50
1998,"Kentucky",50
1999,"Kentucky",50
2000,"Kentucky",50
2001,"Kentucky",50
2002,"Kentucky",50
2003,"Kentucky",50
2004,"Kentucky",50
2005,"Kentucky",50
2006,"Kentucky",50
2007,"Kentucky",50
2008,"Kentucky",50
2009,"Kentucky",50
2010,"Kentucky",50
2011,"Kentucky",50
2012,"Kentucky",50
1985,"Louisiana",33.34
1986,"Louisiana",33.34
1987,"Louisiana",33.34
1988,"Louisiana",33.34
1989,"Louisiana",33.34
1990,"Louisiana",33.34
1991,"Louisiana",33.34
1992,"Louisiana",33.34
1993,"Louisiana",33.34
1994,"Louisiana",33.34
1995,"Louisiana",33.34
1996,"Louisiana",33.34
1997,"Louisiana",33.34
1998,"Louisiana",33.34
1999,"Louisiana",33.34
2000,"Louisiana",33.34
2001,"Louisiana",33.34
2002,"Louisiana",33.34
2003,"Louisiana",33.34
2004,"Louisiana",33.34
2005,"Louisiana",33.34
2006,"Louisiana",33.34
2007,"Louisiana",33.34
2008,"Louisiana",33.34
2009,"Louisiana",33.34
2010,"Louisiana",33.34
2011,"Louisiana",33.34
2012,"Louisiana",33.34
1985,"Maine",33.34
1986,"Maine",33.34
1987,"Maine",33.34
1988,"Maine",33.34
1989,"Maine",33.34
1990,"Maine",33.34
1991,"Maine",50
1992,"Maine",50
1993,"Maine",50
1994,"Maine",50
1995,"Maine",50
1996,"Maine",50
1997,"Maine",50
1998,"Maine",50
1999,"Maine",50
2000,"Maine",50
2001,"Maine",50
2002,"Maine",50
2003,"Maine",50
2004,"Maine",50
2005,"Maine",50
2006,"Maine",50
2007,"Maine",100
2008,"Maine",100
2009,"Maine",100
2010,"Maine",100
2011,"Maine",100
2012,"Maine",100
1985,"Maryland",33.34
1986,"Maryland",33.34
1987,"Maryland",33.34
1988,"Maryland",33.34
1989,"Maryland",33.34
1990,"Maryland",33.34
1991,"Maryland",33.34
1992,"Maryland",50
1993,"Maryland",50
1994,"Maryland",50
1995,"Maryland",50
1996,"Maryland",50
1997,"Maryland",50
1998,"Maryland",50
1999,"Maryland",50
2000,"Maryland",50
2001,"Maryland",50
2002,"Maryland",50
2003,"Maryland",50
2004,"Maryland",50
2005,"Maryland",50
2006,"Maryland",50
2007,"Maryland",50
2008,"Maryland",50
2009,"Maryland",50
2010,"Maryland",50
2011,"Maryland",50
2012,"Maryland",50
1985,"Massachusetts",50
1986,"Massachusetts",50
1987,"Massachusetts",50
1988,"Massachusetts",50
1989,"Massachusetts",50
1990,"Massachusetts",50
1991,"Massachusetts",50
1992,"Massachusetts",50
1993,"Massachusetts",50
1994,"Massachusetts",50
1995,"Massachusetts",50
1996,"Massachusetts",50
1997,"Massachusetts",50
1998,"Massachusetts",50
1999,"Massachusetts",50
2000,"Massachusetts",50
2001,"Massachusetts",50
2002,"Massachusetts",50
2003,"Massachusetts",50
2004,"Massachusetts",50
2005,"Massachusetts",50
2006,"Massachusetts",50
2007,"Massachusetts",50
2008,"Massachusetts",50
2009,"Massachusetts",50
2010,"Massachusetts",50
2011,"Massachusetts",50
2012,"Massachusetts",50
1985,"Michigan",33.34
1986,"Michigan",33.34
1987,"Michigan",33.34
1988,"Michigan",33.34
1989,"Michigan",33.34
1990,"Michigan",33.34
1991,"Michigan",40
1992,"Michigan",40
1993,"Michigan",50
1994,"Michigan",50
1995,"Michigan",50
1996,"Michigan",50
1997,"Michigan",80
1998,"Michigan",80
1999,"Michigan",90
2000,"Michigan",90
2001,"Michigan",90
2002,"Michigan",90
2003,"Michigan",90
2004,"Michigan",90
2005,"Michigan",90
2006,"Michigan",92.5
2007,"Michigan",92.5
2008,"Michigan",100
2009,"Michigan",100
2010,"Michigan",100
2011,"Michigan",100
2012,"Michigan",100
1985,"Minnesota",33.34
1986,"Minnesota",33.34
1987,"Minnesota",70
1988,"Minnesota",70
1989,"Minnesota",70
1990,"Minnesota",70
1991,"Minnesota",70
1992,"Minnesota",70
1993,"Minnesota",70
1994,"Minnesota",70
1995,"Minnesota",70
1996,"Minnesota",70
1997,"Minnesota",70
1998,"Minnesota",70
1999,"Minnesota",70
2000,"Minnesota",70
2001,"Minnesota",75
2002,"Minnesota",75
2003,"Minnesota",75
2004,"Minnesota",75
2005,"Minnesota",75
2006,"Minnesota",75
2007,"Minnesota",78
2008,"Minnesota",81
2009,"Minnesota",84
2010,"Minnesota",87
2011,"Minnesota",90
2012,"Minnesota",93
1985,"Mississippi",33.34
1986,"Mississippi",33.34
1987,"Mississippi",33.34
1988,"Mississippi",33.34
1989,"Mississippi",33.34
1990,"Mississippi",33.34
1991,"Mississippi",33.34
1992,"Mississippi",33.34
1993,"Mississippi",33.34
1994,"Mississippi",33.34
1995,"Mississippi",33.34
1996,"Mississippi",33.34
1997,"Mississippi",33.34
1998,"Mississippi",33.34
1999,"Mississippi",33.34
2000,"Mississippi",33.34
2001,"Mississippi",33.34
2002,"Mississippi",33.34
2003,"Mississippi",33.34
2004,"Mississippi",100
2005,"Mississippi",100
2006,"Mississippi",100
2007,"Mississippi",100
2008,"Mississippi",100
2009,"Mississippi",100
2010,"Mississippi",100
2011,"Mississippi",100
2012,"Mississippi",100
1985,"Missouri",33.34
1986,"Missouri",33.34
1987,"Missouri",33.34
1988,"Missouri",33.34
1989,"Missouri",33.34
1990,"Missouri",33.34
1991,"Missouri",33.34
1992,"Missouri",33.34
1993,"Missouri",33.34
1994,"Missouri",33.34
1995,"Missouri",33.34
1996,"Missouri",33.34
1997,"Missouri",33.34
1998,"Missouri",33.34
1999,"Missouri",100
2000,"Missouri",100
2001,"Missouri",100
2002,"Missouri",100
2003,"Missouri",100
2004,"Missouri",100
2005,"Missouri",100
2006,"Missouri",100
2007,"Missouri",100
2008,"Missouri",100
2009,"Missouri",100
2010,"Missouri",100
2011,"Missouri",100
2012,"Missouri",100
1985,"Montana",33.34
1986,"Montana",33.34
1987,"Montana",33.34
1988,"Montana",33.34
1989,"Montana",33.34
1990,"Montana",33.34
1991,"Montana",33.34
1992,"Montana",33.34
1993,"Montana",33.34
1994,"Montana",33.34
1995,"Montana",33.34
1996,"Montana",33.34
1997,"Montana",33.34
1998,"Montana",33.34
1999,"Montana",33.34
2000,"Montana",33.34
2001,"Montana",33.34
2002,"Montana",33.34
2003,"Montana",33.34
2004,"Montana",33.34
2005,"Montana",33.34
2006,"Montana",33.34
2007,"Montana",33.34
2008,"Montana",33.34
2009,"Montana",33.34
2010,"Montana",33.34
2011,"Montana",33.34
2012,"Montana",33.34
1985,"Nebraska",33.34
1986,"Nebraska",33.34
1987,"Nebraska",33.34
1988,"Nebraska",46.67
1989,"Nebraska",60
1990,"Nebraska",73.33
1991,"Nebraska",86.67
1992,"Nebraska",100
1993,"Nebraska",100
1994,"Nebraska",100
1995,"Nebraska",100
1996,"Nebraska",100
1997,"Nebraska",100
1998,"Nebraska",100
1999,"Nebraska",100
2000,"Nebraska",100
2001,"Nebraska",100
2002,"Nebraska",100
2003,"Nebraska",100
2004,"Nebraska",100
2005,"Nebraska",100
2006,"Nebraska",100
2007,"Nebraska",100
2008,"Nebraska",100
2009,"Nebraska",100
2010,"Nebraska",100
2011,"Nebraska",100
2012,"Nebraska",100
1985,"Nevada",NA
1986,"Nevada",NA
1987,"Nevada",NA
1988,"Nevada",NA
1989,"Nevada",NA
1990,"Nevada",NA
1991,"Nevada",NA
1992,"Nevada",NA
1993,"Nevada",NA
1994,"Nevada",NA
1995,"Nevada",NA
1996,"Nevada",NA
1997,"Nevada",NA
1998,"Nevada",NA
1999,"Nevada",NA
2000,"Nevada",NA
2001,"Nevada",NA
2002,"Nevada",NA
2003,"Nevada",NA
2004,"Nevada",NA
2005,"Nevada",NA
2006,"Nevada",NA
2007,"Nevada",NA
2008,"Nevada",NA
2009,"Nevada",NA
2010,"Nevada",NA
2011,"Nevada",NA
2012,"Nevada",NA
1985,"New Hampshire",33.34
1986,"New Hampshire",33.34
1987,"New Hampshire",33.34
1988,"New Hampshire",33.34
1989,"New Hampshire",33.34
1990,"New Hampshire",33.34
1991,"New Hampshire",33.34
1992,"New Hampshire",50
1993,"New Hampshire",50
1994,"New Hampshire",50
1995,"New Hampshire",50
1996,"New Hampshire",50
1997,"New Hampshire",50
1998,"New Hampshire",50
1999,"New Hampshire",50
2000,"New Hampshire",50
2001,"New Hampshire",50
2002,"New Hampshire",50
2003,"New Hampshire",50
2004,"New Hampshire",50
2005,"New Hampshire",50
2006,"New Hampshire",50
2007,"New Hampshire",50
2008,"New Hampshire",50
2009,"New Hampshire",50
2010,"New Hampshire",50
2011,"New Hampshire",50
2012,"New Hampshire",50
1985,"New Jersey",33.34
1986,"New Jersey",33.34
1987,"New Jersey",33.34
1988,"New Jersey",33.34
1989,"New Jersey",33.34
1990,"New Jersey",33.34
1991,"New Jersey",33.34
1992,"New Jersey",33.34
1993,"New Jersey",33.34
1994,"New Jersey",33.34
1995,"New Jersey",33.34
1996,"New Jersey",33.34
1997,"New Jersey",50
1998,"New Jersey",50
1999,"New Jersey",50
2000,"New Jersey",50
2001,"New Jersey",50
2002,"New Jersey",50
2003,"New Jersey",50
2004,"New Jersey",50
2005,"New Jersey",50
2006,"New Jersey",50
2007,"New Jersey",50
2008,"New Jersey",50
2009,"New Jersey",50
2010,"New Jersey",50
2011,"New Jersey",50
2012,"New Jersey",70
1985,"New Mexico",33.34
1986,"New Mexico",33.34
1987,"New Mexico",33.34
1988,"New Mexico",33.34
1989,"New Mexico",33.34
1990,"New Mexico",33.34
1991,"New Mexico",33.34
1992,"New Mexico",33.34
1993,"New Mexico",33.34
1994,"New Mexico",33.34
1995,"New Mexico",33.34
1996,"New Mexico",33.34
1997,"New Mexico",33.34
1998,"New Mexico",33.34
1999,"New Mexico",33.34
2000,"New Mexico",33.34
2001,"New Mexico",33.34
2002,"New Mexico",33.34
2003,"New Mexico",33.34
2004,"New Mexico",33.34
2005,"New Mexico",33.34
2006,"New Mexico",33.34
2007,"New Mexico",33.34
2008,"New Mexico",33.34
2009,"New Mexico",33.34
2010,"New Mexico",33.34
2011,"New Mexico",33.34
2012,"New Mexico",33.34
1985,"New York",50
1986,"New York",50
1987,"New York",50
1988,"New York",50
1989,"New York",50
1990,"New York",50
1991,"New York",50
1992,"New York",50
1993,"New York",50
1994,"New York",50
1995,"New York",50
1996,"New York",50
1997,"New York",50
1998,"New York",50
1999,"New York",50
2000,"New York",50
2001,"New York",50
2002,"New York",50
2003,"New York",50
2004,"New York",50
2005,"New York",50
2006,"New York",50
2007,"New York",80
2008,"New York",100
2009,"New York",100
2010,"New York",100
2011,"New York",100
2012,"New York",100
1985,"North Carolina",33.34
1986,"North Carolina",33.34
1987,"North Carolina",33.34
1988,"North Carolina",33.34
1989,"North Carolina",50
1990,"North Carolina",50
1991,"North Carolina",50
1992,"North Carolina",50
1993,"North Carolina",50
1994,"North Carolina",50
1995,"North Carolina",50
1996,"North Carolina",50
1997,"North Carolina",50
1998,"North Carolina",50
1999,"North Carolina",50
2000,"North Carolina",50
2001,"North Carolina",50
2002,"North Carolina",50
2003,"North Carolina",50
2004,"North Carolina",50
2005,"North Carolina",50
2006,"North Carolina",50
2007,"North Carolina",50
2008,"North Carolina",50
2009,"North Carolina",50
2010,"North Carolina",50
2011,"North Carolina",50
2012,"North Carolina",50
1985,"North Dakota",33.34
1986,"North Dakota",33.34
1987,"North Dakota",33.34
1988,"North Dakota",33.34
1989,"North Dakota",33.34
1990,"North Dakota",33.34
1991,"North Dakota",33.34
1992,"North Dakota",33.34
1993,"North Dakota",33.34
1994,"North Dakota",33.34
1995,"North Dakota",33.34
1996,"North Dakota",33.34
1997,"North Dakota",33.34
1998,"North Dakota",33.34
1999,"North Dakota",33.34
2000,"North Dakota",33.34
2001,"North Dakota",33.34
2002,"North Dakota",33.34
2003,"North Dakota",33.34
2004,"North Dakota",33.34
2005,"North Dakota",33.34
2006,"North Dakota",33.34
2007,"North Dakota",33.34
2008,"North Dakota",33.34
2009,"North Dakota",33.34
2010,"North Dakota",33.34
2011,"North Dakota",33.34
2012,"North Dakota",33.34
1985,"Ohio",50
1986,"Ohio",50
1987,"Ohio",50
1988,"Ohio",50
1989,"Ohio",50
1990,"Ohio",50
1991,"Ohio",50
1992,"Ohio",50
1993,"Ohio",50
1994,"Ohio",50
1995,"Ohio",50
1996,"Ohio",50
1997,"Ohio",50
1998,"Ohio",50
1999,"Ohio",50
2000,"Ohio",60
2001,"Ohio",60
2002,"Ohio",60
2003,"Ohio",60
2004,"Ohio",60
2005,"Ohio",60
2006,"Ohio",60
2007,"Ohio",60
2008,"Ohio",60
2009,"Ohio",60
2010,"Ohio",60
2011,"Ohio",60
2012,"Ohio",60
1985,"Oklahoma",33.34
1986,"Oklahoma",33.34
1987,"Oklahoma",33.34
1988,"Oklahoma",33.34
1989,"Oklahoma",33.34
1990,"Oklahoma",33.34
1991,"Oklahoma",33.34
1992,"Oklahoma",33.34
1993,"Oklahoma",33.34
1994,"Oklahoma",33.34
1995,"Oklahoma",33.34
1996,"Oklahoma",33.34
1997,"Oklahoma",33.34
1998,"Oklahoma",33.34
1999,"Oklahoma",33.34
2000,"Oklahoma",33.34
2001,"Oklahoma",33.34
2002,"Oklahoma",33.34
2003,"Oklahoma",33.34
2004,"Oklahoma",33.34
2005,"Oklahoma",33.34
2006,"Oklahoma",33.34
2007,"Oklahoma",33.34
2008,"Oklahoma",33.34
2009,"Oklahoma",33.34
2010,"Oklahoma",33.34
2011,"Oklahoma",33.34
2012,"Oklahoma",33.34
1985,"Oregon",33.34
1986,"Oregon",33.34
1987,"Oregon",33.34
1988,"Oregon",33.34
1989,"Oregon",33.34
1990,"Oregon",33.34
1991,"Oregon",50
1992,"Oregon",50
1993,"Oregon",50
1994,"Oregon",50
1995,"Oregon",50
1996,"Oregon",50
1997,"Oregon",50
1998,"Oregon",50
1999,"Oregon",50
2000,"Oregon",50
2001,"Oregon",50
2002,"Oregon",50
2003,"Oregon",50
2004,"Oregon",80
2005,"Oregon",80
2006,"Oregon",100
2007,"Oregon",100
2008,"Oregon",100
2009,"Oregon",100
2010,"Oregon",100
2011,"Oregon",100
2012,"Oregon",100
1985,"Pennsylvania",33.34
1986,"Pennsylvania",33.34
1987,"Pennsylvania",33.34
1988,"Pennsylvania",33.34
1989,"Pennsylvania",33.34
1990,"Pennsylvania",33.34
1991,"Pennsylvania",33.34
1992,"Pennsylvania",33.34
1993,"Pennsylvania",33.34
1994,"Pennsylvania",60
1995,"Pennsylvania",60
1996,"Pennsylvania",60
1997,"Pennsylvania",60
1998,"Pennsylvania",60
1999,"Pennsylvania",60
2000,"Pennsylvania",60
2001,"Pennsylvania",60
2002,"Pennsylvania",60
2003,"Pennsylvania",60
2004,"Pennsylvania",60
2005,"Pennsylvania",60
2006,"Pennsylvania",60
2007,"Pennsylvania",70
2008,"Pennsylvania",70
2009,"Pennsylvania",85
2010,"Pennsylvania",90
2011,"Pennsylvania",90
2012,"Pennsylvania",90
1985,"Rhode Island",33.34
1986,"Rhode Island",33.34
1987,"Rhode Island",33.34
1988,"Rhode Island",33.34
1989,"Rhode Island",33.34
1990,"Rhode Island",33.34
1991,"Rhode Island",33.34
1992,"Rhode Island",33.34
1993,"Rhode Island",33.34
1994,"Rhode Island",33.34
1995,"Rhode Island",33.34
1996,"Rhode Island",33.34
1997,"Rhode Island",33.34
1998,"Rhode Island",33.34
1999,"Rhode Island",33.34
2000,"Rhode Island",33.34
2001,"Rhode Island",33.34
2002,"Rhode Island",33.34
2003,"Rhode Island",33.34
2004,"Rhode Island",33.34
2005,"Rhode Island",33.34
2006,"Rhode Island",33.34
2007,"Rhode Island",33.34
2008,"Rhode Island",33.34
2009,"Rhode Island",33.34
2010,"Rhode Island",33.34
2011,"Rhode Island",33.34
2012,"Rhode Island",33.34
1985,"South Carolina",33.34
1986,"South Carolina",33.34
1987,"South Carolina",33.34
1988,"South Carolina",33.34
1989,"South Carolina",33.34
1990,"South Carolina",33.34
1991,"South Carolina",33.34
1992,"South Carolina",33.34
1993,"South Carolina",33.34
1994,"South Carolina",33.34
1995,"South Carolina",50
1996,"South Carolina",50
1997,"South Carolina",50
1998,"South Carolina",50
1999,"South Carolina",50
2000,"South Carolina",50
2001,"South Carolina",50
2002,"South Carolina",50
2003,"South Carolina",50
2004,"South Carolina",50
2005,"South Carolina",50
2006,"South Carolina",50
2007,"South Carolina",50
2008,"South Carolina",50
2009,"South Carolina",50
2010,"South Carolina",50
2011,"South Carolina",100
2012,"South Carolina",100
1985,"South Dakota",NA
1986,"South Dakota",NA
1987,"South Dakota",NA
1988,"South Dakota",NA
1989,"South Dakota",NA
1990,"South Dakota",NA
1991,"South Dakota",NA
1992,"South Dakota",NA
1993,"South Dakota",NA
1994,"South Dakota",NA
1995,"South Dakota",NA
1996,"South Dakota",NA
1997,"South Dakota",NA
1998,"South Dakota",NA
1999,"South Dakota",NA
2000,"South Dakota",NA
2001,"South Dakota",NA
2002,"South Dakota",NA
2003,"South Dakota",NA
2004,"South Dakota",NA
2005,"South Dakota",NA
2006,"South Dakota",NA
2007,"South Dakota",NA
2008,"South Dakota",NA
2009,"South Dakota",NA
2010,"South Dakota",NA
2011,"South Dakota",NA
2012,"South Dakota",NA
1985,"Tennessee",33.34
1986,"Tennessee",33.34
1987,"Tennessee",33.34
1988,"Tennessee",33.34
1989,"Tennessee",33.34
1990,"Tennessee",33.34
1991,"Tennessee",33.34
1992,"Tennessee",33.34
1993,"Tennessee",33.34
1994,"Tennessee",33.34
1995,"Tennessee",33.34
1996,"Tennessee",33.34
1997,"Tennessee",50
1998,"Tennessee",50
1999,"Tennessee",50
2000,"Tennessee",50
2001,"Tennessee",50
2002,"Tennessee",50
2003,"Tennessee",50
2004,"Tennessee",50
2005,"Tennessee",50
2006,"Tennessee",50
2007,"Tennessee",50
2008,"Tennessee",50
2009,"Tennessee",50
2010,"Tennessee",50
2011,"Tennessee",50
2012,"Tennessee",50
1985,"Texas",NA
1986,"Texas",NA
1987,"Texas",NA
1988,"Texas",NA
1989,"Texas",NA
1990,"Texas",NA
1991,"Texas",NA
1992,"Texas",NA
1993,"Texas",NA
1994,"Texas",NA
1995,"Texas",NA
1996,"Texas",NA
1997,"Texas",NA
1998,"Texas",NA
1999,"Texas",NA
2000,"Texas",NA
2001,"Texas",NA
2002,"Texas",NA
2003,"Texas",NA
2004,"Texas",NA
2005,"Texas",NA
2006,"Texas",NA
2007,"Texas",NA
2008,"Texas",NA
2009,"Texas",NA
2010,"Texas",NA
2011,"Texas",NA
2012,"Texas",NA
1985,"Utah",33.34
1986,"Utah",33.34
1987,"Utah",33.34
1988,"Utah",33.34
1989,"Utah",33.34
1990,"Utah",33.34
1991,"Utah",33.34
1992,"Utah",33.34
1993,"Utah",33.34
1994,"Utah",33.34
1995,"Utah",33.34
1996,"Utah",33.34
1997,"Utah",33.34
1998,"Utah",33.34
1999,"Utah",33.34
2000,"Utah",33.34
2001,"Utah",33.34
2002,"Utah",33.34
2003,"Utah",33.34
2004,"Utah",33.34
2005,"Utah",33.34
2006,"Utah",33.34
2007,"Utah",50
2008,"Utah",50
2009,"Utah",50
2010,"Utah",50
2011,"Utah",100
2012,"Utah",100
1985,"Vermont",33.34
1986,"Vermont",33.34
1987,"Vermont",33.34
1988,"Vermont",33.34
1989,"Vermont",33.34
1990,"Vermont",33.34
1991,"Vermont",33.34
1992,"Vermont",33.34
1993,"Vermont",33.34
1994,"Vermont",33.34
1995,"Vermont",33.34
1996,"Vermont",33.34
1997,"Vermont",33.34
1998,"Vermont",33.34
1999,"Vermont",33.34
2000,"Vermont",33.34
2001,"Vermont",33.34
2002,"Vermont",33.34
2003,"Vermont",33.34
2004,"Vermont",33.34
2005,"Vermont",33.34
2006,"Vermont",50
2007,"Vermont",50
2008,"Vermont",50
2009,"Vermont",50
2010,"Vermont",50
2011,"Vermont",50
2012,"Vermont",50
1985,"Virginia",33.34
1986,"Virginia",33.34
1987,"Virginia",33.34
1988,"Virginia",33.34
1989,"Virginia",33.34
1990,"Virginia",33.34
1991,"Virginia",33.34
1992,"Virginia",33.34
1993,"Virginia",33.34
1994,"Virginia",33.34
1995,"Virginia",33.34
1996,"Virginia",33.34
1997,"Virginia",33.34
1998,"Virginia",33.34
1999,"Virginia",33.34
2000,"Virginia",50
2001,"Virginia",50
2002,"Virginia",50
2003,"Virginia",50
2004,"Virginia",50
2005,"Virginia",50
2006,"Virginia",50
2007,"Virginia",50
2008,"Virginia",50
2009,"Virginia",50
2010,"Virginia",50
2011,"Virginia",50
2012,"Virginia",50
1985,"Washington",NA
1986,"Washington",NA
1987,"Washington",NA
1988,"Washington",NA
1989,"Washington",NA
1990,"Washington",NA
1991,"Washington",NA
1992,"Washington",NA
1993,"Washington",NA
1994,"Washington",NA
1995,"Washington",NA
1996,"Washington",NA
1997,"Washington",NA
1998,"Washington",NA
1999,"Washington",NA
2000,"Washington",NA
2001,"Washington",NA
2002,"Washington",NA
2003,"Washington",NA
2004,"Washington",NA
2005,"Washington",NA
2006,"Washington",NA
2007,"Washington",NA
2008,"Washington",NA
2009,"Washington",NA
2010,"Washington",NA
2011,"Washington",NA
2012,"Washington",NA
1985,"West Virginia",33.34
1986,"West Virginia",50
1987,"West Virginia",50
1988,"West Virginia",50
1989,"West Virginia",50
1990,"West Virginia",50
1991,"West Virginia",50
1992,"West Virginia",50
1993,"West Virginia",50
1994,"West Virginia",50
1995,"West Virginia",50
1996,"West Virginia",50
1997,"West Virginia",50
1998,"West Virginia",50
1999,"West Virginia",50
2000,"West Virginia",50
2001,"West Virginia",50
2002,"West Virginia",50
2003,"West Virginia",50
2004,"West Virginia",50
2005,"West Virginia",50
2006,"West Virginia",50
2007,"West Virginia",50
2008,"West Virginia",50
2009,"West Virginia",50
2010,"West Virginia",50
2011,"West Virginia",50
2012,"West Virginia",50
1985,"Wisconsin",50
1986,"Wisconsin",50
1987,"Wisconsin",50
1988,"Wisconsin",50
1989,"Wisconsin",50
1990,"Wisconsin",50
1991,"Wisconsin",50
1992,"Wisconsin",50
1993,"Wisconsin",50
1994,"Wisconsin",50
1995,"Wisconsin",50
1996,"Wisconsin",50
1997,"Wisconsin",50
1998,"Wisconsin",50
1999,"Wisconsin",50
2000,"Wisconsin",50
2001,"Wisconsin",50
2002,"Wisconsin",50
2003,"Wisconsin",50
2004,"Wisconsin",50
2005,"Wisconsin",50
2006,"Wisconsin",50
2007,"Wisconsin",80
2008,"Wisconsin",100
2009,"Wisconsin",100
2010,"Wisconsin",100
2011,"Wisconsin",100
2012,"Wisconsin",100
1985,"Wyoming",NA
1986,"Wyoming",NA
1987,"Wyoming",NA
1988,"Wyoming",NA
1989,"Wyoming",NA
1990,"Wyoming",NA
1991,"Wyoming",NA
1992,"Wyoming",NA
1993,"Wyoming",NA
1994,"Wyoming",NA
1995,"Wyoming",NA
1996,"Wyoming",NA
1997,"Wyoming",NA
1998,"Wyoming",NA
1999,"Wyoming",NA
2000,"Wyoming",NA
2001,"Wyoming",NA
2002,"Wyoming",NA
2003,"Wyoming",NA
2004,"Wyoming",NA
2005,"Wyoming",NA
2006,"Wyoming",NA
2007,"Wyoming",NA
2008,"Wyoming",NA
2009,"Wyoming",NA
2010,"Wyoming",NA
2011,"Wyoming",NA
2012,"Wyoming",NA
