"State_Acronym","year","SVRNCTAX","state","sales","year_effective","post_eff","rel_year"
"NV",1976,148,"Nevada",NA,NA,NA,NA
"NV",1977,105,"Nevada",NA,NA,NA,NA
"NV",1978,129,"Nevada",NA,NA,NA,NA
"NV",1979,54,"Nevada",NA,NA,NA,NA
"NV",1980,23,"Nevada",NA,NA,NA,NA
"NV",1981,11,"Nevada",NA,NA,NA,NA
"NV",1982,0,"Nevada",NA,NA,NA,NA
"NV",1983,0,"Nevada",NA,NA,NA,NA
"NV",1984,83,"Nevada",NA,NA,NA,NA
"NV",1985,61,"Nevada",NA,NA,NA,NA
"NV",1986,26,"Nevada",NA,NA,NA,NA
"NV",1987,3,"Nevada",NA,NA,NA,NA
"NV",1988,10655,"Nevada",NA,NA,NA,NA
"NV",1989,386,"Nevada",NA,NA,NA,NA
"NV",1990,22875,"Nevada",NA,NA,NA,NA
"NV",1991,23951,"Nevada",NA,NA,NA,NA
"NV",1992,17847,"Nevada",NA,NA,NA,NA
"NV",1993,19625,"Nevada",NA,NA,NA,NA
"NV",1994,44176,"Nevada",NA,NA,NA,NA
"NV",1995,46990,"Nevada",NA,NA,NA,NA
"NV",1996,46589,"Nevada",NA,NA,NA,NA
"NV",1997,38892,"Nevada",NA,NA,NA,NA
"NV",1998,31164,"Nevada",NA,NA,NA,NA
"NV",1999,33193,"Nevada",NA,NA,NA,NA
"NV",2000,28815,"Nevada",NA,NA,NA,NA
"NV",2001,29675,"Nevada",NA,NA,NA,NA
"NV",2002,21493,"Nevada",NA,NA,NA,NA
"NV",2003,25162,"Nevada",NA,NA,NA,NA
"NV",2004,37155,"Nevada",NA,NA,NA,NA
"NV",2005,39691,"Nevada",NA,NA,NA,NA
"NV",2006,44526,"Nevada",NA,NA,NA,NA
"NV",2007,62178,"Nevada",NA,NA,NA,NA
"NV",2008,74130,"Nevada",NA,NA,NA,NA
"NV",2009,145450,"Nevada",NA,NA,NA,NA
"NV",2010,182752,"Nevada",NA,NA,NA,NA
"NV",2011,272240,"Nevada",NA,NA,NA,NA
"NV",2012,303038,"Nevada",NA,NA,NA,NA
"NV",2013,290448,"Nevada",NA,NA,NA,NA
"NV",2014,111395,"Nevada",NA,NA,NA,NA
"NV",2015,121604,"Nevada",NA,NA,NA,NA
"NV",2016,102686,"Nevada",NA,NA,NA,NA
"NV",2017,68605,"Nevada",NA,NA,NA,NA
"NV",2018,155938,"Nevada",NA,NA,NA,NA
"NV",2019,123584,"Nevada",NA,NA,NA,NA
"NV",2020,122449,"Nevada",NA,NA,NA,NA
"NV",2021,278504,"Nevada",NA,NA,NA,NA
"NV",2022,218715,"Nevada",NA,NA,NA,NA
"OH",2014,10194,"Ohio",NA,NA,NA,NA
"OH",2015,22891,"Ohio",NA,NA,NA,NA
"OH",2016,35383,"Ohio",NA,NA,NA,NA
"OH",2017,45256,"Ohio",NA,NA,NA,NA
"OH",2018,66120,"Ohio",NA,NA,NA,NA
"OH",2019,68563,"Ohio",NA,NA,NA,NA
"OH",2020,66642,"Ohio",NA,NA,NA,NA
"OH",2021,62983,"Ohio",NA,NA,NA,NA
"OH",2022,61026,"Ohio",NA,NA,NA,NA
"SD",1976,310,"South Dakota",NA,NA,NA,NA
"SD",1977,536,"South Dakota",NA,NA,NA,NA
"SD",1978,872,"South Dakota",NA,NA,NA,NA
"SD",1979,884,"South Dakota",NA,NA,NA,NA
"SD",1980,2423,"South Dakota",NA,NA,NA,NA
"SD",1981,6079,"South Dakota",NA,NA,NA,NA
"SD",1982,9299,"South Dakota",NA,NA,NA,NA
"SD",1983,5676,"South Dakota",NA,NA,NA,NA
"SD",1984,8910,"South Dakota",NA,NA,NA,NA
"SD",1985,4521,"South Dakota",NA,NA,NA,NA
"SD",1986,5613,"South Dakota",NA,NA,NA,NA
"SD",1987,5464,"South Dakota",NA,NA,NA,NA
"SD",1988,8449,"South Dakota",NA,NA,NA,NA
"SD",1989,9248,"South Dakota",NA,NA,NA,NA
"SD",1990,8578,"South Dakota",NA,NA,NA,NA
"SD",1991,8070,"South Dakota",NA,NA,NA,NA
"SD",1992,5768,"South Dakota",NA,NA,NA,NA
"SD",1993,6348,"South Dakota",NA,NA,NA,NA
"SD",1994,7007,"South Dakota",NA,NA,NA,NA
"SD",1995,6205,"South Dakota",NA,NA,NA,NA
"SD",1996,7087,"South Dakota",NA,NA,NA,NA
"SD",1997,6958,"South Dakota",NA,NA,NA,NA
"SD",1998,3190,"South Dakota",NA,NA,NA,NA
"SD",1999,3178,"South Dakota",NA,NA,NA,NA
"SD",2000,2714,"South Dakota",NA,NA,NA,NA
"SD",2001,2187,"South Dakota",NA,NA,NA,NA
"SD",2002,2191,"South Dakota",NA,NA,NA,NA
"SD",2003,2755,"South Dakota",NA,NA,NA,NA
"SD",2004,2012,"South Dakota",NA,NA,NA,NA
"SD",2005,2870,"South Dakota",NA,NA,NA,NA
"SD",2006,4355,"South Dakota",NA,NA,NA,NA
"SD",2007,4700,"South Dakota",NA,NA,NA,NA
"SD",2008,6838,"South Dakota",NA,NA,NA,NA
"SD",2009,7668,"South Dakota",NA,NA,NA,NA
"SD",2010,8410,"South Dakota",NA,NA,NA,NA
"SD",2011,10596,"South Dakota",NA,NA,NA,NA
"SD",2012,13759,"South Dakota",NA,NA,NA,NA
"SD",2013,10816,"South Dakota",NA,NA,NA,NA
"SD",2014,8950,"South Dakota",NA,NA,NA,NA
"SD",2015,8098,"South Dakota",NA,NA,NA,NA
"SD",2016,8967,"South Dakota",NA,NA,NA,NA
"SD",2017,10176,"South Dakota",NA,NA,NA,NA
"SD",2018,8000,"South Dakota",NA,NA,NA,NA
"SD",2019,5770,"South Dakota",NA,NA,NA,NA
"SD",2020,5881,"South Dakota",NA,NA,NA,NA
"SD",2021,9811,"South Dakota",NA,NA,NA,NA
"SD",2022,8035,"South Dakota",NA,NA,NA,NA
"TX",1985,2175337,"Texas",NA,NA,NA,NA
"TX",1986,1552130,"Texas",NA,NA,NA,NA
"TX",1987,1181685,"Texas",NA,NA,NA,NA
"TX",1988,1058809,"Texas",NA,NA,NA,NA
"TX",1989,1172188,"Texas",NA,NA,NA,NA
"TX",1990,1087854,"Texas",NA,NA,NA,NA
"TX",1991,1355104,"Texas",NA,NA,NA,NA
"TX",1992,1013811,"Texas",NA,NA,NA,NA
"TX",1993,1177946,"Texas",NA,NA,NA,NA
"TX",1994,919299,"Texas",NA,NA,NA,NA
"TX",1995,890093,"Texas",NA,NA,NA,NA
"TX",1996,830503,"Texas",NA,NA,NA,NA
"TX",1997,1147660,"Texas",NA,NA,NA,NA
"TX",1998,884578,"Texas",NA,NA,NA,NA
"TX",1999,705245,"Texas",NA,NA,NA,NA
"TX",2000,1119467,"Texas",NA,NA,NA,NA
"TX",2001,2044795,"Texas",NA,NA,NA,NA
"TX",2002,974727,"Texas",NA,NA,NA,NA
"TX",2003,1501289,"Texas",NA,NA,NA,NA
"TX",2004,1896803,"Texas",NA,NA,NA,NA
"TX",2005,2347512,"Texas",NA,NA,NA,NA
"TX",2006,3216387,"Texas",NA,NA,NA,NA
"TX",2007,2762940,"Texas",NA,NA,NA,NA
"TX",2008,4124428,"Texas",NA,NA,NA,NA
"TX",2009,2295177,"Texas",NA,NA,NA,NA
"TX",2010,1856323,"Texas",NA,NA,NA,NA
"TX",2011,2677604,"Texas",NA,NA,NA,NA
"TX",2012,3807555,"Texas",NA,NA,NA,NA
"TX",2013,4799751,"Texas",NA,NA,NA,NA
"TX",2014,6014350,"Texas",NA,NA,NA,NA
"TX",2015,4005371,"Texas",NA,NA,NA,NA
"TX",2016,2347708,"Texas",NA,NA,NA,NA
"TX",2017,3282673,"Texas",NA,NA,NA,NA
"TX",2018,5231610,"Texas",NA,NA,NA,NA
"TX",2019,5765731,"Texas",NA,NA,NA,NA
"TX",2020,4273807,"Texas",NA,NA,NA,NA
"TX",2021,5089433,"Texas",NA,NA,NA,NA
"TX",2022,10945517,"Texas",NA,NA,NA,NA
"WA",1976,37477,"Washington",NA,NA,NA,NA
"WA",1977,35265,"Washington",NA,NA,NA,NA
"WA",1978,33288,"Washington",NA,NA,NA,NA
"WA",1979,37802,"Washington",NA,NA,NA,NA
"WA",1980,49924,"Washington",NA,NA,NA,NA
"WA",1981,54489,"Washington",NA,NA,NA,NA
"WA",1982,45949,"Washington",NA,NA,NA,NA
"WA",1983,41122,"Washington",NA,NA,NA,NA
"WA",1984,31148,"Washington",NA,NA,NA,NA
"WA",1985,36217,"Washington",NA,NA,NA,NA
"WA",1986,36998,"Washington",NA,NA,NA,NA
"WA",1987,40483,"Washington",NA,NA,NA,NA
"WA",1988,45790,"Washington",NA,NA,NA,NA
"WA",1989,58916,"Washington",NA,NA,NA,NA
"WA",1990,69257,"Washington",NA,NA,NA,NA
"WA",1991,70050,"Washington",NA,NA,NA,NA
"WA",1992,64768,"Washington",NA,NA,NA,NA
"WA",1993,64998,"Washington",NA,NA,NA,NA
"WA",1994,84031,"Washington",NA,NA,NA,NA
"WA",1995,97776,"Washington",NA,NA,NA,NA
"WA",1996,88348,"Washington",NA,NA,NA,NA
"WA",1997,82170,"Washington",NA,NA,NA,NA
"WA",1998,68351,"Washington",NA,NA,NA,NA
"WA",1999,62324,"Washington",NA,NA,NA,NA
"WA",2000,61086,"Washington",NA,NA,NA,NA
"WA",2001,55162,"Washington",NA,NA,NA,NA
"WA",2002,43418,"Washington",NA,NA,NA,NA
"WA",2003,38360,"Washington",NA,NA,NA,NA
"WA",2004,37624,"Washington",NA,NA,NA,NA
"WA",2005,43034,"Washington",NA,NA,NA,NA
"WA",2006,48446,"Washington",NA,NA,NA,NA
"WA",2007,48727,"Washington",NA,NA,NA,NA
"WA",2008,44038,"Washington",NA,NA,NA,NA
"WA",2009,29681,"Washington",NA,NA,NA,NA
"WA",2010,20905,"Washington",NA,NA,NA,NA
"WA",2011,26706,"Washington",NA,NA,NA,NA
"WA",2012,36302,"Washington",NA,NA,NA,NA
"WA",2013,38656,"Washington",NA,NA,NA,NA
"WA",2014,41950,"Washington",NA,NA,NA,NA
"WA",2015,43893,"Washington",NA,NA,NA,NA
"WA",2016,39731,"Washington",NA,NA,NA,NA
"WA",2017,35055,"Washington",NA,NA,NA,NA
"WA",2018,41307,"Washington",NA,NA,NA,NA
"WA",2019,47100,"Washington",NA,NA,NA,NA
"WA",2020,38408,"Washington",NA,NA,NA,NA
"WA",2021,43020,"Washington",NA,NA,NA,NA
"WA",2022,41103,"Washington",NA,NA,NA,NA
"WY",1976,40974,"Wyoming",NA,NA,NA,NA
"WY",1977,46969,"Wyoming",NA,NA,NA,NA
"WY",1978,66021,"Wyoming",NA,NA,NA,NA
"WY",1979,87419,"Wyoming",NA,NA,NA,NA
"WY",1980,105700,"Wyoming",NA,NA,NA,NA
"WY",1981,138325,"Wyoming",NA,NA,NA,NA
"WY",1982,389361,"Wyoming",NA,NA,NA,NA
"WY",1983,388896,"Wyoming",NA,NA,NA,NA
"WY",1984,388300,"Wyoming",NA,NA,NA,NA
"WY",1985,404031,"Wyoming",NA,NA,NA,NA
"WY",1986,387292,"Wyoming",NA,NA,NA,NA
"WY",1987,259735,"Wyoming",NA,NA,NA,NA
"WY",1988,230272,"Wyoming",NA,NA,NA,NA
"WY",1989,231741,"Wyoming",NA,NA,NA,NA
"WY",1990,254024,"Wyoming",NA,NA,NA,NA
"WY",1991,266540,"Wyoming",NA,NA,NA,NA
"WY",1992,249437,"Wyoming",NA,NA,NA,NA
"WY",1993,257251,"Wyoming",NA,NA,NA,NA
"WY",1994,298869,"Wyoming",NA,NA,NA,NA
"WY",1995,233365,"Wyoming",NA,NA,NA,NA
"WY",1996,189222,"Wyoming",NA,NA,NA,NA
"WY",1997,213197,"Wyoming",NA,NA,NA,NA
"WY",1998,268169,"Wyoming",NA,NA,NA,NA
"WY",1999,192442,"Wyoming",NA,NA,NA,NA
"WY",2000,245693,"Wyoming",NA,NA,NA,NA
"WY",2001,421301,"Wyoming",NA,NA,NA,NA
"WY",2002,301594,"Wyoming",NA,NA,NA,NA
"WY",2003,440757,"Wyoming",NA,NA,NA,NA
"WY",2004,683208,"Wyoming",NA,NA,NA,NA
"WY",2005,805613,"Wyoming",NA,NA,NA,NA
"WY",2006,1043160,"Wyoming",NA,NA,NA,NA
"WY",2007,803632,"Wyoming",NA,NA,NA,NA
"WY",2008,883786,"Wyoming",NA,NA,NA,NA
"WY",2009,1197540,"Wyoming",NA,NA,NA,NA
"WY",2010,721002,"Wyoming",NA,NA,NA,NA
"WY",2011,1044150,"Wyoming",NA,NA,NA,NA
"WY",2012,968525,"Wyoming",NA,NA,NA,NA
"WY",2013,867933,"Wyoming",NA,NA,NA,NA
"WY",2014,883025,"Wyoming",NA,NA,NA,NA
"WY",2015,883913,"Wyoming",NA,NA,NA,NA
"WY",2016,593959,"Wyoming",NA,NA,NA,NA
"WY",2017,446410,"Wyoming",NA,NA,NA,NA
"WY",2018,531659,"Wyoming",NA,NA,NA,NA
"WY",2019,668178,"Wyoming",NA,NA,NA,NA
"WY",2020,505573,"Wyoming",NA,NA,NA,NA
"WY",2021,435314,"Wyoming",NA,NA,NA,NA
"WY",2022,770487,"Wyoming",NA,NA,NA,NA
"AL",1976,11570,"Alabama",33.34,2021,0,-45
"AL",1977,13757,"Alabama",33.34,2021,0,-44
"AL",1978,17056,"Alabama",33.34,2021,0,-43
"AL",1979,22281,"Alabama",33.34,2021,0,-42
"AL",1980,32410,"Alabama",33.34,2021,0,-41
"AL",1981,60669,"Alabama",33.34,2021,0,-40
"AL",1982,63470,"Alabama",33.34,2021,0,-39
"AL",1983,77144,"Alabama",33.34,2021,0,-38
"AL",1984,119525,"Alabama",33.34,2021,0,-37
"AL",1985,89634,"Alabama",33.34,2021,0,-36
"AL",1986,75072,"Alabama",33.34,2021,0,-35
"AL",1987,53627,"Alabama",33.34,2021,0,-34
"AL",1988,60603,"Alabama",33.34,2021,0,-33
"AL",1989,61734,"Alabama",33.34,2021,0,-32
"AL",1990,59213,"Alabama",33.34,2021,0,-31
"AL",1991,71731,"Alabama",33.34,2021,0,-30
"AL",1992,61864,"Alabama",33.34,2021,0,-29
"AL",1993,73167,"Alabama",33.34,2021,0,-28
"AL",1994,70892,"Alabama",33.34,2021,0,-27
"AL",1995,63326,"Alabama",33.34,2021,0,-26
"AL",1996,78557,"Alabama",33.34,2021,0,-25
"AL",1997,80238,"Alabama",33.34,2021,0,-24
"AL",1998,68999,"Alabama",33.34,2021,0,-23
"AL",1999,50381,"Alabama",33.34,2021,0,-22
"AL",2000,80738,"Alabama",33.34,2021,0,-21
"AL",2001,118310,"Alabama",33.34,2021,0,-20
"AL",2002,65667,"Alabama",33.34,2021,0,-19
"AL",2003,104386,"Alabama",33.34,2021,0,-18
"AL",2004,113646,"Alabama",33.34,2021,0,-17
"AL",2005,144813,"Alabama",33.34,2021,0,-16
"AL",2006,182778,"Alabama",33.34,2021,0,-15
"AL",2007,144306,"Alabama",33.34,2021,0,-14
"AL",2008,197581,"Alabama",33.34,2021,0,-13
"AL",2009,115374,"Alabama",33.34,2021,0,-12
"AL",2010,90538,"Alabama",33.34,2021,0,-11
"AL",2011,115975,"Alabama",50,2021,0,-10
"AL",2012,116467,"Alabama",50,2021,0,-9
"AL",2013,119424,"Alabama",50,2021,0,-8
"AL",2014,115437,"Alabama",50,2021,0,-7
"AL",2015,79235,"Alabama",50,2021,0,-6
"AL",2016,58474,"Alabama",50,2021,0,-5
"AL",2017,54515,"Alabama",50,2021,0,-4
"AL",2018,56162,"Alabama",50,2021,0,-3
"AL",2019,51752,"Alabama",50,2021,0,-2
"AL",2020,33403,"Alabama",50,2021,0,-1
"AL",2021,38852,"Alabama",100,2021,1,0
"AL",2022,60853,"Alabama",100,2021,1,1
"AK",1976,27978,"Alaska",33.34,NA,NA,NA
"AK",1977,23758,"Alaska",33.34,NA,NA,NA
"AK",1978,107715,"Alaska",33.34,NA,NA,NA
"AK",1979,173685,"Alaska",33.34,NA,NA,NA
"AK",1980,506469,"Alaska",33.34,NA,NA,NA
"AK",1981,1170180,"Alaska",33.34,NA,NA,NA
"AK",1982,1571553,"Alaska",33.34,NA,NA,NA
"AK",1983,1494034,"Alaska",33.34,NA,NA,NA
"AK",1984,1393039,"Alaska",33.34,NA,NA,NA
"AK",1985,1389262,"Alaska",33.34,NA,NA,NA
"AK",1986,1432911,"Alaska",33.34,NA,NA,NA
"AK",1987,666870,"Alaska",33.34,NA,NA,NA
"AK",1988,818655,"Alaska",33.34,NA,NA,NA
"AK",1989,698850,"Alaska",33.34,NA,NA,NA
"AK",1990,1103812,"Alaska",33.34,NA,NA,NA
"AK",1991,1284746,"Alaska",33.34,NA,NA,NA
"AK",1992,1150605,"Alaska",33.34,NA,NA,NA
"AK",1993,1124980,"Alaska",33.34,NA,NA,NA
"AK",1994,827522,"Alaska",33.34,NA,NA,NA
"AK",1995,1159882,"Alaska",33.34,NA,NA,NA
"AK",1996,956961,"Alaska",33.34,NA,NA,NA
"AK",1997,1058602,"Alaska",33.34,NA,NA,NA
"AK",1998,645358,"Alaska",33.34,NA,NA,NA
"AK",1999,426022,"Alaska",33.34,NA,NA,NA
"AK",2000,708390,"Alaska",33.34,NA,NA,NA
"AK",2001,772403,"Alaska",33.34,NA,NA,NA
"AK",2002,551293,"Alaska",33.34,NA,NA,NA
"AK",2003,640856,"Alaska",33.34,NA,NA,NA
"AK",2004,697394,"Alaska",33.34,NA,NA,NA
"AK",2005,925699,"Alaska",33.34,NA,NA,NA
"AK",2006,1274642,"Alaska",33.34,NA,NA,NA
"AK",2007,2436660,"Alaska",33.34,NA,NA,NA
"AK",2008,6939040,"Alaska",33.34,NA,NA,NA
"AK",2009,3829564,"Alaska",33.34,NA,NA,NA
"AK",2010,3355049,"Alaska",33.34,NA,NA,NA
"AK",2011,4238789,"Alaska",33.34,NA,NA,NA
"AK",2012,5787360,"Alaska",33.34,NA,NA,NA
"AK",2013,4016966,"Alaska",33.34,NA,NA,NA
"AK",2014,2456212,"Alaska",33.34,NA,NA,NA
"AK",2015,635820,"Alaska",33.34,NA,NA,NA
"AK",2016,336801,"Alaska",33.34,NA,NA,NA
"AK",2017,598175,"Alaska",33.34,NA,NA,NA
"AK",2018,931084,"Alaska",33.34,NA,NA,NA
"AK",2019,888310,"Alaska",33.34,NA,NA,NA
"AK",2020,609307,"Alaska",33.34,NA,NA,NA
"AK",2021,387367,"Alaska",33.34,NA,NA,NA
"AK",2022,1479380,"Alaska",33.34,NA,NA,NA
"AZ",1976,0,"Arizona",33.34,2007,0,-31
"AZ",1977,0,"Arizona",33.34,2007,0,-30
"AZ",1978,0,"Arizona",33.34,2007,0,-29
"AZ",1979,0,"Arizona",33.34,2007,0,-28
"AZ",1980,0,"Arizona",33.34,2007,0,-27
"AZ",1981,0,"Arizona",33.34,2007,0,-26
"AZ",1982,0,"Arizona",33.34,2007,0,-25
"AZ",1983,0,"Arizona",33.34,2007,0,-24
"AZ",1984,0,"Arizona",33.34,2007,0,-23
"AZ",1985,0,"Arizona",33.34,2007,0,-22
"AZ",1986,0,"Arizona",33.34,2007,0,-21
"AZ",1987,0,"Arizona",33.34,2007,0,-20
"AZ",1988,0,"Arizona",33.34,2007,0,-19
"AZ",1989,0,"Arizona",33.34,2007,0,-18
"AZ",1990,0,"Arizona",33.34,2007,0,-17
"AZ",1991,0,"Arizona",50,2007,0,-16
"AZ",1992,0,"Arizona",50,2007,0,-15
"AZ",1993,0,"Arizona",50,2007,0,-14
"AZ",1994,0,"Arizona",50,2007,0,-13
"AZ",1995,0,"Arizona",50,2007,0,-12
"AZ",1996,0,"Arizona",50,2007,0,-11
"AZ",1997,0,"Arizona",50,2007,0,-10
"AZ",1998,0,"Arizona",50,2007,0,-9
"AZ",1999,0,"Arizona",50,2007,0,-8
"AZ",2000,0,"Arizona",50,2007,0,-7
"AZ",2001,4218,"Arizona",50,2007,0,-6
"AZ",2002,6417,"Arizona",50,2007,0,-5
"AZ",2003,14662,"Arizona",50,2007,0,-4
"AZ",2004,15544,"Arizona",50,2007,0,-3
"AZ",2005,26338,"Arizona",50,2007,0,-2
"AZ",2006,40494,"Arizona",50,2007,0,-1
"AZ",2007,43560,"Arizona",60,2007,1,0
"AZ",2008,43757,"Arizona",70,2007,1,1
"AZ",2009,19481,"Arizona",80,2007,1,2
"AZ",2010,29101,"Arizona",80,2007,1,3
"AZ",2011,40237,"Arizona",80,2007,1,4
"AZ",2012,40578,"Arizona",80,2007,1,5
"AZ",2013,29829,"Arizona",80,2007,1,6
"AZ",2014,26190,"Arizona",85,2007,1,7
"AZ",2015,24862,"Arizona",90,2007,1,8
"AZ",2016,15196,"Arizona",95,2007,1,9
"AZ",2017,18377,"Arizona",100,2007,1,10
"AZ",2018,24562,"Arizona",100,2007,1,11
"AZ",2019,17252,"Arizona",100,2007,1,12
"AZ",2020,12704,"Arizona",100,2007,1,13
"AZ",2021,35610,"Arizona",100,2007,1,14
"AZ",2022,37355,"Arizona",100,2007,1,15
"AR",1976,8870,"Arkansas",33.34,2021,0,-45
"AR",1977,10495,"Arkansas",33.34,2021,0,-44
"AR",1978,12391,"Arkansas",33.34,2021,0,-43
"AR",1979,12502,"Arkansas",33.34,2021,0,-42
"AR",1980,18051,"Arkansas",33.34,2021,0,-41
"AR",1981,26745,"Arkansas",33.34,2021,0,-40
"AR",1982,29753,"Arkansas",33.34,2021,0,-39
"AR",1983,28393,"Arkansas",33.34,2021,0,-38
"AR",1984,27125,"Arkansas",33.34,2021,0,-37
"AR",1985,26019,"Arkansas",33.34,2021,0,-36
"AR",1986,22158,"Arkansas",33.34,2021,0,-35
"AR",1987,15130,"Arkansas",33.34,2021,0,-34
"AR",1988,16302,"Arkansas",33.34,2021,0,-33
"AR",1989,14490,"Arkansas",33.34,2021,0,-32
"AR",1990,15562,"Arkansas",33.34,2021,0,-31
"AR",1991,16744,"Arkansas",33.34,2021,0,-30
"AR",1992,14996,"Arkansas",33.34,2021,0,-29
"AR",1993,15166,"Arkansas",33.34,2021,0,-28
"AR",1994,12922,"Arkansas",33.34,2021,0,-27
"AR",1995,12865,"Arkansas",50,2021,0,-26
"AR",1996,13396,"Arkansas",50,2021,0,-25
"AR",1997,13450,"Arkansas",50,2021,0,-24
"AR",1998,12692,"Arkansas",50,2021,0,-23
"AR",1999,10236,"Arkansas",50,2021,0,-22
"AR",2000,14558,"Arkansas",50,2021,0,-21
"AR",2001,15904,"Arkansas",50,2021,0,-20
"AR",2002,13217,"Arkansas",50,2021,0,-19
"AR",2003,15213,"Arkansas",50,2021,0,-18
"AR",2004,15840,"Arkansas",50,2021,0,-17
"AR",2005,18565,"Arkansas",50,2021,0,-16
"AR",2006,22225,"Arkansas",50,2021,0,-15
"AR",2007,21579,"Arkansas",50,2021,0,-14
"AR",2008,27820,"Arkansas",50,2021,0,-13
"AR",2009,33547,"Arkansas",50,2021,0,-12
"AR",2010,65147,"Arkansas",50,2021,0,-11
"AR",2011,79656,"Arkansas",50,2021,0,-10
"AR",2012,82770,"Arkansas",50,2021,0,-9
"AR",2013,80862,"Arkansas",50,2021,0,-8
"AR",2014,108511,"Arkansas",50,2021,0,-7
"AR",2015,104383,"Arkansas",50,2021,0,-6
"AR",2016,48340,"Arkansas",50,2021,0,-5
"AR",2017,55815,"Arkansas",50,2021,0,-4
"AR",2018,54655,"Arkansas",50,2021,0,-3
"AR",2019,56035,"Arkansas",50,2021,0,-2
"AR",2020,28962,"Arkansas",50,2021,0,-1
"AR",2021,33004,"Arkansas",100,2021,1,0
"AR",2022,84054,"Arkansas",100,2021,1,1
"CA",1976,2334,"California",33.34,2011,0,-35
"CA",1977,1530,"California",33.34,2011,0,-34
"CA",1978,31235,"California",33.34,2011,0,-33
"CA",1979,48093,"California",33.34,2011,0,-32
"CA",1980,25954,"California",33.34,2011,0,-31
"CA",1981,21902,"California",33.34,2011,0,-30
"CA",1982,27911,"California",33.34,2011,0,-29
"CA",1983,28648,"California",33.34,2011,0,-28
"CA",1984,17475,"California",33.34,2011,0,-27
"CA",1985,19081,"California",33.34,2011,0,-26
"CA",1986,19195,"California",33.34,2011,0,-25
"CA",1987,22847,"California",33.34,2011,0,-24
"CA",1988,26145,"California",33.34,2011,0,-23
"CA",1989,29280,"California",33.34,2011,0,-22
"CA",1990,30854,"California",33.34,2011,0,-21
"CA",1991,35649,"California",33.34,2011,0,-20
"CA",1992,29309,"California",33.34,2011,0,-19
"CA",1993,35407,"California",50,2011,0,-18
"CA",1994,46373,"California",50,2011,0,-17
"CA",1995,42242,"California",50,2011,0,-16
"CA",1996,38184,"California",50,2011,0,-15
"CA",1997,37416,"California",50,2011,0,-14
"CA",1998,36247,"California",50,2011,0,-13
"CA",1999,33742,"California",50,2011,0,-12
"CA",2000,24697,"California",50,2011,0,-11
"CA",2001,24636,"California",50,2011,0,-10
"CA",2002,28569,"California",50,2011,0,-9
"CA",2003,12485,"California",50,2011,0,-8
"CA",2004,14471,"California",50,2011,0,-7
"CA",2005,14251,"California",50,2011,0,-6
"CA",2006,16048,"California",50,2011,0,-5
"CA",2007,31526,"California",50,2011,0,-4
"CA",2008,31599,"California",50,2011,0,-3
"CA",2009,27105,"California",50,2011,0,-2
"CA",2010,24409,"California",50,2011,0,-1
"CA",2011,31879,"California",100,2011,1,0
"CA",2012,37112,"California",100,2011,1,1
"CA",2013,37732,"California",100,2011,1,2
"CA",2014,39445,"California",100,2011,1,3
"CA",2015,67500,"California",100,2011,1,4
"CA",2016,68500,"California",100,2011,1,5
"CA",2017,93928,"California",100,2011,1,6
"CA",2018,108912,"California",100,2011,1,7
"CA",2019,114081,"California",100,2011,1,8
"CA",2020,119680,"California",100,2011,1,9
"CA",2021,130748,"California",100,2011,1,10
"CA",2022,128600,"California",100,2011,1,11
"CO",1976,4375,"Colorado",33.34,2009,0,-33
"CO",1977,2320,"Colorado",33.34,2009,0,-32
"CO",1978,1838,"Colorado",33.34,2009,0,-31
"CO",1979,19803,"Colorado",33.34,2009,0,-30
"CO",1980,31121,"Colorado",33.34,2009,0,-29
"CO",1981,35879,"Colorado",33.34,2009,0,-28
"CO",1982,49184,"Colorado",33.34,2009,0,-27
"CO",1983,35902,"Colorado",33.34,2009,0,-26
"CO",1984,30009,"Colorado",33.34,2009,0,-25
"CO",1985,30401,"Colorado",33.34,2009,0,-24
"CO",1986,22577,"Colorado",33.34,2009,0,-23
"CO",1987,9694,"Colorado",33.34,2009,0,-22
"CO",1988,15330,"Colorado",33.34,2009,0,-21
"CO",1989,13787,"Colorado",33.34,2009,0,-20
"CO",1990,14402,"Colorado",33.34,2009,0,-19
"CO",1991,10460,"Colorado",33.34,2009,0,-18
"CO",1992,16046,"Colorado",33.34,2009,0,-17
"CO",1993,22813,"Colorado",33.34,2009,0,-16
"CO",1994,15409,"Colorado",33.34,2009,0,-15
"CO",1995,24648,"Colorado",33.34,2009,0,-14
"CO",1996,14839,"Colorado",33.34,2009,0,-13
"CO",1997,30274,"Colorado",33.34,2009,0,-12
"CO",1998,32625,"Colorado",33.34,2009,0,-11
"CO",1999,33980,"Colorado",33.34,2009,0,-10
"CO",2000,31948,"Colorado",33.34,2009,0,-9
"CO",2001,61917,"Colorado",33.34,2009,0,-8
"CO",2002,57130,"Colorado",33.34,2009,0,-7
"CO",2003,37245,"Colorado",33.34,2009,0,-6
"CO",2004,115884,"Colorado",33.34,2009,0,-5
"CO",2005,145114,"Colorado",33.34,2009,0,-4
"CO",2006,212753,"Colorado",33.34,2009,0,-3
"CO",2007,136888,"Colorado",33.34,2009,0,-2
"CO",2008,151474,"Colorado",33.34,2009,0,-1
"CO",2009,285015,"Colorado",100,2009,1,0
"CO",2010,71436,"Colorado",100,2009,1,1
"CO",2011,146690,"Colorado",100,2009,1,2
"CO",2012,175090,"Colorado",100,2009,1,3
"CO",2013,147732,"Colorado",100,2009,1,4
"CO",2014,245087,"Colorado",100,2009,1,5
"CO",2015,292683,"Colorado",100,2009,1,6
"CO",2016,84079,"Colorado",100,2009,1,7
"CO",2017,0,"Colorado",100,2009,1,8
"CO",2018,102722,"Colorado",100,2009,1,9
"CO",2019,217945,"Colorado",100,2009,1,10
"CO",2020,147878,"Colorado",100,2009,1,11
"CO",2021,0,"Colorado",100,2009,1,12
"CO",2022,306810,"Colorado",100,2009,1,13
"CT",1976,NA,"Connecticut",33.34,2016,0,-40
"CT",1977,NA,"Connecticut",33.34,2016,0,-39
"CT",1978,NA,"Connecticut",33.34,2016,0,-38
"CT",1979,NA,"Connecticut",33.34,2016,0,-37
"CT",1980,NA,"Connecticut",33.34,2016,0,-36
"CT",1981,NA,"Connecticut",33.34,2016,0,-35
"CT",1982,NA,"Connecticut",33.34,2016,0,-34
"CT",1983,NA,"Connecticut",50,2016,0,-33
"CT",1984,NA,"Connecticut",50,2016,0,-32
"CT",1985,NA,"Connecticut",50,2016,0,-31
"CT",1986,NA,"Connecticut",50,2016,0,-30
"CT",1987,NA,"Connecticut",50,2016,0,-29
"CT",1988,NA,"Connecticut",50,2016,0,-28
"CT",1989,NA,"Connecticut",50,2016,0,-27
"CT",1990,NA,"Connecticut",50,2016,0,-26
"CT",1991,NA,"Connecticut",50,2016,0,-25
"CT",1992,NA,"Connecticut",50,2016,0,-24
"CT",1993,NA,"Connecticut",50,2016,0,-23
"CT",1994,NA,"Connecticut",50,2016,0,-22
"CT",1995,NA,"Connecticut",50,2016,0,-21
"CT",1996,NA,"Connecticut",50,2016,0,-20
"CT",1997,NA,"Connecticut",50,2016,0,-19
"CT",1998,NA,"Connecticut",50,2016,0,-18
"CT",1999,NA,"Connecticut",50,2016,0,-17
"CT",2000,NA,"Connecticut",50,2016,0,-16
"CT",2001,NA,"Connecticut",50,2016,0,-15
"CT",2002,NA,"Connecticut",50,2016,0,-14
"CT",2003,NA,"Connecticut",50,2016,0,-13
"CT",2004,NA,"Connecticut",50,2016,0,-12
"CT",2005,NA,"Connecticut",50,2016,0,-11
"CT",2006,NA,"Connecticut",50,2016,0,-10
"CT",2007,NA,"Connecticut",50,2016,0,-9
"CT",2008,NA,"Connecticut",50,2016,0,-8
"CT",2009,NA,"Connecticut",50,2016,0,-7
"CT",2010,NA,"Connecticut",50,2016,0,-6
"CT",2011,NA,"Connecticut",50,2016,0,-5
"CT",2012,NA,"Connecticut",50,2016,0,-4
"CT",2013,NA,"Connecticut",50,2016,0,-3
"CT",2014,NA,"Connecticut",50,2016,0,-2
"CT",2015,NA,"Connecticut",50,2016,0,-1
"CT",2016,NA,"Connecticut",100,2016,1,0
"CT",2017,NA,"Connecticut",100,2016,1,1
"CT",2018,NA,"Connecticut",100,2016,1,2
"CT",2019,NA,"Connecticut",100,2016,1,3
"CT",2020,NA,"Connecticut",100,2016,1,4
"CT",2021,NA,"Connecticut",100,2016,1,5
"CT",2022,NA,"Connecticut",100,2016,1,6
"DE",1976,NA,"Delaware",33.34,2017,0,-41
"DE",1977,NA,"Delaware",33.34,2017,0,-40
"DE",1978,NA,"Delaware",33.34,2017,0,-39
"DE",1979,NA,"Delaware",33.34,2017,0,-38
"DE",1980,NA,"Delaware",33.34,2017,0,-37
"DE",1981,NA,"Delaware",33.34,2017,0,-36
"DE",1982,NA,"Delaware",33.34,2017,0,-35
"DE",1983,NA,"Delaware",33.34,2017,0,-34
"DE",1984,NA,"Delaware",33.34,2017,0,-33
"DE",1985,NA,"Delaware",33.34,2017,0,-32
"DE",1986,NA,"Delaware",33.34,2017,0,-31
"DE",1987,NA,"Delaware",33.34,2017,0,-30
"DE",1988,NA,"Delaware",33.34,2017,0,-29
"DE",1989,NA,"Delaware",33.34,2017,0,-28
"DE",1990,NA,"Delaware",33.34,2017,0,-27
"DE",1991,NA,"Delaware",33.34,2017,0,-26
"DE",1992,NA,"Delaware",33.34,2017,0,-25
"DE",1993,NA,"Delaware",33.34,2017,0,-24
"DE",1994,NA,"Delaware",33.34,2017,0,-23
"DE",1995,NA,"Delaware",33.34,2017,0,-22
"DE",1996,NA,"Delaware",33.34,2017,0,-21
"DE",1997,NA,"Delaware",33.34,2017,0,-20
"DE",1998,NA,"Delaware",33.34,2017,0,-19
"DE",1999,NA,"Delaware",33.34,2017,0,-18
"DE",2000,NA,"Delaware",33.34,2017,0,-17
"DE",2001,NA,"Delaware",33.34,2017,0,-16
"DE",2002,NA,"Delaware",33.34,2017,0,-15
"DE",2003,NA,"Delaware",33.34,2017,0,-14
"DE",2004,NA,"Delaware",33.34,2017,0,-13
"DE",2005,NA,"Delaware",33.34,2017,0,-12
"DE",2006,NA,"Delaware",33.34,2017,0,-11
"DE",2007,NA,"Delaware",33.34,2017,0,-10
"DE",2008,NA,"Delaware",33.34,2017,0,-9
"DE",2009,NA,"Delaware",33.34,2017,0,-8
"DE",2010,NA,"Delaware",33.34,2017,0,-7
"DE",2011,NA,"Delaware",33.34,2017,0,-6
"DE",2012,NA,"Delaware",33.34,2017,0,-5
"DE",2013,NA,"Delaware",33.34,2017,0,-4
"DE",2014,NA,"Delaware",33.34,2017,0,-3
"DE",2015,NA,"Delaware",33.34,2017,0,-2
"DE",2016,NA,"Delaware",33.34,2017,0,-1
"DE",2017,NA,"Delaware",50,2017,1,0
"DE",2018,NA,"Delaware",60,2017,1,1
"DE",2019,NA,"Delaware",75,2017,1,2
"DE",2020,NA,"Delaware",100,2017,1,3
"DE",2021,NA,"Delaware",100,2017,1,4
"DE",2022,NA,"Delaware",100,2017,1,5
"FL",1976,47377,"Florida",50,NA,NA,NA
"FL",1977,47076,"Florida",50,NA,NA,NA
"FL",1978,94804,"Florida",50,NA,NA,NA
"FL",1979,91902,"Florida",50,NA,NA,NA
"FL",1980,121254,"Florida",50,NA,NA,NA
"FL",1981,169213,"Florida",50,NA,NA,NA
"FL",1982,157633,"Florida",50,NA,NA,NA
"FL",1983,137933,"Florida",50,NA,NA,NA
"FL",1984,157823,"Florida",50,NA,NA,NA
"FL",1985,173178,"Florida",50,NA,NA,NA
"FL",1986,170902,"Florida",50,NA,NA,NA
"FL",1987,81268,"Florida",50,NA,NA,NA
"FL",1988,75023,"Florida",50,NA,NA,NA
"FL",1989,60553,"Florida",50,NA,NA,NA
"FL",1990,65861,"Florida",50,NA,NA,NA
"FL",1991,71938,"Florida",50,NA,NA,NA
"FL",1992,67000,"Florida",50,NA,NA,NA
"FL",1993,64493,"Florida",50,NA,NA,NA
"FL",1994,54362,"Florida",50,NA,NA,NA
"FL",1995,72941,"Florida",50,NA,NA,NA
"FL",1996,65432,"Florida",50,NA,NA,NA
"FL",1997,75844,"Florida",50,NA,NA,NA
"FL",1998,69722,"Florida",50,NA,NA,NA
"FL",1999,67100,"Florida",50,NA,NA,NA
"FL",2000,56597,"Florida",50,NA,NA,NA
"FL",2001,49315,"Florida",50,NA,NA,NA
"FL",2002,40114,"Florida",50,NA,NA,NA
"FL",2003,46700,"Florida",50,NA,NA,NA
"FL",2004,48651,"Florida",50,NA,NA,NA
"FL",2005,59121,"Florida",50,NA,NA,NA
"FL",2006,55790,"Florida",50,NA,NA,NA
"FL",2007,45870,"Florida",50,NA,NA,NA
"FL",2008,56000,"Florida",50,NA,NA,NA
"FL",2009,81300,"Florida",50,NA,NA,NA
"FL",2010,71010,"Florida",50,NA,NA,NA
"FL",2011,59980,"Florida",50,NA,NA,NA
"FL",2012,49860,"Florida",50,NA,NA,NA
"FL",2013,47050,"Florida",50,NA,NA,NA
"FL",2014,49100,"Florida",50,NA,NA,NA
"FL",2015,37220,"Florida",50,NA,NA,NA
"FL",2016,35180,"Florida",50,NA,NA,NA
"FL",2017,34148,"Florida",50,NA,NA,NA
"FL",2018,36200,"Florida",50,NA,NA,NA
"FL",2019,34245,"Florida",50,NA,NA,NA
"FL",2020,28678,"Florida",50,NA,NA,NA
"FL",2021,29541,"Florida",50,NA,NA,NA
"FL",2022,28694,"Florida",50,NA,NA,NA
"GA",1976,NA,"Georgia",33.34,2006,0,-30
"GA",1977,NA,"Georgia",33.34,2006,0,-29
"GA",1978,NA,"Georgia",33.34,2006,0,-28
"GA",1979,NA,"Georgia",33.34,2006,0,-27
"GA",1980,NA,"Georgia",33.34,2006,0,-26
"GA",1981,NA,"Georgia",33.34,2006,0,-25
"GA",1982,NA,"Georgia",33.34,2006,0,-24
"GA",1983,NA,"Georgia",33.34,2006,0,-23
"GA",1984,NA,"Georgia",33.34,2006,0,-22
"GA",1985,NA,"Georgia",33.34,2006,0,-21
"GA",1986,NA,"Georgia",33.34,2006,0,-20
"GA",1987,NA,"Georgia",33.34,2006,0,-19
"GA",1988,NA,"Georgia",33.34,2006,0,-18
"GA",1989,NA,"Georgia",33.34,2006,0,-17
"GA",1990,NA,"Georgia",33.34,2006,0,-16
"GA",1991,NA,"Georgia",33.34,2006,0,-15
"GA",1992,NA,"Georgia",33.34,2006,0,-14
"GA",1993,NA,"Georgia",33.34,2006,0,-13
"GA",1994,NA,"Georgia",33.34,2006,0,-12
"GA",1995,NA,"Georgia",50,2006,0,-11
"GA",1996,NA,"Georgia",50,2006,0,-10
"GA",1997,NA,"Georgia",50,2006,0,-9
"GA",1998,NA,"Georgia",50,2006,0,-8
"GA",1999,NA,"Georgia",50,2006,0,-7
"GA",2000,NA,"Georgia",50,2006,0,-6
"GA",2001,NA,"Georgia",50,2006,0,-5
"GA",2002,NA,"Georgia",50,2006,0,-4
"GA",2003,NA,"Georgia",50,2006,0,-3
"GA",2004,NA,"Georgia",50,2006,0,-2
"GA",2005,NA,"Georgia",50,2006,0,-1
"GA",2006,NA,"Georgia",80,2006,1,0
"GA",2007,NA,"Georgia",90,2006,1,1
"GA",2008,NA,"Georgia",100,2006,1,2
"GA",2009,NA,"Georgia",100,2006,1,3
"GA",2010,NA,"Georgia",100,2006,1,4
"GA",2011,NA,"Georgia",100,2006,1,5
"GA",2012,NA,"Georgia",100,2006,1,6
"GA",2013,NA,"Georgia",100,2006,1,7
"GA",2014,NA,"Georgia",100,2006,1,8
"GA",2015,NA,"Georgia",100,2006,1,9
"GA",2016,NA,"Georgia",100,2006,1,10
"GA",2017,NA,"Georgia",100,2006,1,11
"GA",2018,NA,"Georgia",100,2006,1,12
"GA",2019,NA,"Georgia",100,2006,1,13
"GA",2020,NA,"Georgia",100,2006,1,14
"GA",2021,NA,"Georgia",100,2006,1,15
"GA",2022,NA,"Georgia",100,2006,1,16
"HI",1976,NA,"Hawaii",33.34,NA,NA,NA
"HI",1977,NA,"Hawaii",33.34,NA,NA,NA
"HI",1978,NA,"Hawaii",33.34,NA,NA,NA
"HI",1979,NA,"Hawaii",33.34,NA,NA,NA
"HI",1980,NA,"Hawaii",33.34,NA,NA,NA
"HI",1981,NA,"Hawaii",33.34,NA,NA,NA
"HI",1982,NA,"Hawaii",33.34,NA,NA,NA
"HI",1983,NA,"Hawaii",33.34,NA,NA,NA
"HI",1984,NA,"Hawaii",33.34,NA,NA,NA
"HI",1985,NA,"Hawaii",33.34,NA,NA,NA
"HI",1986,NA,"Hawaii",33.34,NA,NA,NA
"HI",1987,NA,"Hawaii",33.34,NA,NA,NA
"HI",1988,NA,"Hawaii",33.34,NA,NA,NA
"HI",1989,NA,"Hawaii",33.34,NA,NA,NA
"HI",1990,NA,"Hawaii",33.34,NA,NA,NA
"HI",1991,NA,"Hawaii",33.34,NA,NA,NA
"HI",1992,NA,"Hawaii",33.34,NA,NA,NA
"HI",1993,NA,"Hawaii",33.34,NA,NA,NA
"HI",1994,NA,"Hawaii",33.34,NA,NA,NA
"HI",1995,NA,"Hawaii",33.34,NA,NA,NA
"HI",1996,NA,"Hawaii",33.34,NA,NA,NA
"HI",1997,NA,"Hawaii",33.34,NA,NA,NA
"HI",1998,NA,"Hawaii",33.34,NA,NA,NA
"HI",1999,NA,"Hawaii",33.34,NA,NA,NA
"HI",2000,NA,"Hawaii",33.34,NA,NA,NA
"HI",2001,NA,"Hawaii",33.34,NA,NA,NA
"HI",2002,NA,"Hawaii",33.34,NA,NA,NA
"HI",2003,NA,"Hawaii",33.34,NA,NA,NA
"HI",2004,NA,"Hawaii",33.34,NA,NA,NA
"HI",2005,NA,"Hawaii",33.34,NA,NA,NA
"HI",2006,NA,"Hawaii",33.34,NA,NA,NA
"HI",2007,NA,"Hawaii",33.34,NA,NA,NA
"HI",2008,NA,"Hawaii",33.34,NA,NA,NA
"HI",2009,NA,"Hawaii",33.34,NA,NA,NA
"HI",2010,NA,"Hawaii",33.34,NA,NA,NA
"HI",2011,NA,"Hawaii",33.34,NA,NA,NA
"HI",2012,NA,"Hawaii",33.34,NA,NA,NA
"HI",2013,NA,"Hawaii",33.34,NA,NA,NA
"HI",2014,NA,"Hawaii",33.34,NA,NA,NA
"HI",2015,NA,"Hawaii",33.34,NA,NA,NA
"HI",2016,NA,"Hawaii",33.34,NA,NA,NA
"HI",2017,NA,"Hawaii",33.34,NA,NA,NA
"HI",2018,NA,"Hawaii",33.34,NA,NA,NA
"HI",2019,NA,"Hawaii",33.34,NA,NA,NA
"HI",2020,NA,"Hawaii",33.34,NA,NA,NA
"HI",2021,NA,"Hawaii",33.34,NA,NA,NA
"HI",2022,NA,"Hawaii",33.34,NA,NA,NA
"ID",1976,394,"Idaho",33.34,2022,0,-46
"ID",1977,203,"Idaho",33.34,2022,0,-45
"ID",1978,273,"Idaho",33.34,2022,0,-44
"ID",1979,552,"Idaho",33.34,2022,0,-43
"ID",1980,1905,"Idaho",33.34,2022,0,-42
"ID",1981,2221,"Idaho",33.34,2022,0,-41
"ID",1982,2517,"Idaho",33.34,2022,0,-40
"ID",1983,806,"Idaho",33.34,2022,0,-39
"ID",1984,1247,"Idaho",33.34,2022,0,-38
"ID",1985,682,"Idaho",33.34,2022,0,-37
"ID",1986,522,"Idaho",33.34,2022,0,-36
"ID",1987,426,"Idaho",33.34,2022,0,-35
"ID",1988,675,"Idaho",33.34,2022,0,-34
"ID",1989,381,"Idaho",33.34,2022,0,-33
"ID",1990,484,"Idaho",33.34,2022,0,-32
"ID",1991,652,"Idaho",33.34,2022,0,-31
"ID",1992,792,"Idaho",33.34,2022,0,-30
"ID",1993,2104,"Idaho",33.34,2022,0,-29
"ID",1994,2560,"Idaho",33.34,2022,0,-28
"ID",1995,2538,"Idaho",50,2022,0,-27
"ID",1996,2978,"Idaho",50,2022,0,-26
"ID",1997,3021,"Idaho",50,2022,0,-25
"ID",1998,3391,"Idaho",50,2022,0,-24
"ID",1999,4545,"Idaho",50,2022,0,-23
"ID",2000,3369,"Idaho",50,2022,0,-22
"ID",2001,2556,"Idaho",50,2022,0,-21
"ID",2002,3650,"Idaho",50,2022,0,-20
"ID",2003,2450,"Idaho",50,2022,0,-19
"ID",2004,2568,"Idaho",50,2022,0,-18
"ID",2005,2488,"Idaho",50,2022,0,-17
"ID",2006,2897,"Idaho",50,2022,0,-16
"ID",2007,6649,"Idaho",50,2022,0,-15
"ID",2008,6758,"Idaho",50,2022,0,-14
"ID",2009,4952,"Idaho",50,2022,0,-13
"ID",2010,6730,"Idaho",50,2022,0,-12
"ID",2011,7787,"Idaho",50,2022,0,-11
"ID",2012,8309,"Idaho",50,2022,0,-10
"ID",2013,6224,"Idaho",50,2022,0,-9
"ID",2014,6004,"Idaho",50,2022,0,-8
"ID",2015,6143,"Idaho",50,2022,0,-7
"ID",2016,5303,"Idaho",50,2022,0,-6
"ID",2017,5261,"Idaho",50,2022,0,-5
"ID",2018,5463,"Idaho",50,2022,0,-4
"ID",2019,5633,"Idaho",50,2022,0,-3
"ID",2020,5781,"Idaho",50,2022,0,-2
"ID",2021,5870,"Idaho",50,2022,0,-1
"ID",2022,5828,"Idaho",100,2022,1,0
"IL",1976,0,"Illinois",33.34,1999,0,-23
"IL",1977,0,"Illinois",33.34,1999,0,-22
"IL",1978,0,"Illinois",33.34,1999,0,-21
"IL",1979,0,"Illinois",33.34,1999,0,-20
"IL",1980,0,"Illinois",33.34,1999,0,-19
"IL",1981,0,"Illinois",33.34,1999,0,-18
"IL",1982,0,"Illinois",33.34,1999,0,-17
"IL",1983,0,"Illinois",33.34,1999,0,-16
"IL",1984,0,"Illinois",33.34,1999,0,-15
"IL",1985,0,"Illinois",33.34,1999,0,-14
"IL",1986,0,"Illinois",33.34,1999,0,-13
"IL",1987,0,"Illinois",50,1999,0,-12
"IL",1988,0,"Illinois",50,1999,0,-11
"IL",1989,0,"Illinois",50,1999,0,-10
"IL",1990,0,"Illinois",50,1999,0,-9
"IL",1991,0,"Illinois",50,1999,0,-8
"IL",1992,0,"Illinois",50,1999,0,-7
"IL",1993,0,"Illinois",50,1999,0,-6
"IL",1994,0,"Illinois",50,1999,0,-5
"IL",1995,0,"Illinois",50,1999,0,-4
"IL",1996,0,"Illinois",50,1999,0,-3
"IL",1997,0,"Illinois",50,1999,0,-2
"IL",1998,0,"Illinois",50,1999,0,-1
"IL",1999,0,"Illinois",66.67,1999,1,0
"IL",2000,240,"Illinois",83.33,1999,1,1
"IL",2001,294,"Illinois",100,1999,1,2
"IL",2002,259,"Illinois",100,1999,1,3
"IL",2003,295,"Illinois",100,1999,1,4
"IL",2004,349,"Illinois",100,1999,1,5
"IL",2005,448,"Illinois",100,1999,1,6
"IL",2006,564,"Illinois",100,1999,1,7
"IL",2007,354,"Illinois",100,1999,1,8
"IL",2008,0,"Illinois",100,1999,1,9
"IL",2009,0,"Illinois",100,1999,1,10
"IL",2010,0,"Illinois",100,1999,1,11
"IL",2011,0,"Illinois",100,1999,1,12
"IL",2012,0,"Illinois",100,1999,1,13
"IL",2013,0,"Illinois",100,1999,1,14
"IL",2014,0,"Illinois",100,1999,1,15
"IL",2015,NA,"Illinois",100,1999,1,16
"IL",2016,NA,"Illinois",100,1999,1,17
"IL",2017,NA,"Illinois",100,1999,1,18
"IL",2018,NA,"Illinois",100,1999,1,19
"IL",2019,NA,"Illinois",100,1999,1,20
"IL",2020,NA,"Illinois",100,1999,1,21
"IL",2021,NA,"Illinois",100,1999,1,22
"IL",2022,NA,"Illinois",100,1999,1,23
"IN",1976,508,"Indiana",33.34,2007,0,-31
"IN",1977,580,"Indiana",33.34,2007,0,-30
"IN",1978,649,"Indiana",33.34,2007,0,-29
"IN",1979,673,"Indiana",33.34,2007,0,-28
"IN",1980,1582,"Indiana",33.34,2007,0,-27
"IN",1981,1811,"Indiana",33.34,2007,0,-26
"IN",1982,1780,"Indiana",33.34,2007,0,-25
"IN",1983,1616,"Indiana",33.34,2007,0,-24
"IN",1984,1521,"Indiana",33.34,2007,0,-23
"IN",1985,1518,"Indiana",33.34,2007,0,-22
"IN",1986,1253,"Indiana",33.34,2007,0,-21
"IN",1987,556,"Indiana",33.34,2007,0,-20
"IN",1988,675,"Indiana",33.34,2007,0,-19
"IN",1989,987,"Indiana",33.34,2007,0,-18
"IN",1990,756,"Indiana",33.34,2007,0,-17
"IN",1991,803,"Indiana",33.34,2007,0,-16
"IN",1992,762,"Indiana",33.34,2007,0,-15
"IN",1993,692,"Indiana",33.34,2007,0,-14
"IN",1994,696,"Indiana",33.34,2007,0,-13
"IN",1995,640,"Indiana",33.34,2007,0,-12
"IN",1996,574,"Indiana",50,2007,0,-11
"IN",1997,611,"Indiana",50,2007,0,-10
"IN",1998,642,"Indiana",50,2007,0,-9
"IN",1999,506,"Indiana",50,2007,0,-8
"IN",2000,467,"Indiana",50,2007,0,-7
"IN",2001,565,"Indiana",50,2007,0,-6
"IN",2002,652,"Indiana",50,2007,0,-5
"IN",2003,652,"Indiana",50,2007,0,-4
"IN",2004,563,"Indiana",50,2007,0,-3
"IN",2005,695,"Indiana",50,2007,0,-2
"IN",2006,947,"Indiana",50,2007,0,-1
"IN",2007,1003,"Indiana",60,2007,1,0
"IN",2008,1680,"Indiana",70,2007,1,1
"IN",2009,1475,"Indiana",80,2007,1,2
"IN",2010,1426,"Indiana",90,2007,1,3
"IN",2011,1825,"Indiana",100,2007,1,4
"IN",2012,2212,"Indiana",100,2007,1,5
"IN",2013,2421,"Indiana",100,2007,1,6
"IN",2014,2500,"Indiana",100,2007,1,7
"IN",2015,2015,"Indiana",100,2007,1,8
"IN",2016,1013,"Indiana",100,2007,1,9
"IN",2017,1011,"Indiana",100,2007,1,10
"IN",2018,1074,"Indiana",100,2007,1,11
"IN",2019,1118,"Indiana",100,2007,1,12
"IN",2020,852,"Indiana",100,2007,1,13
"IN",2021,768,"Indiana",100,2007,1,14
"IN",2022,1483,"Indiana",100,2007,1,15
"IA",1976,NA,"Iowa",100,1978,0,-2
"IA",1977,NA,"Iowa",100,1978,0,-1
"IA",1978,NA,"Iowa",100,1978,1,0
"IA",1979,NA,"Iowa",100,1978,1,1
"IA",1980,NA,"Iowa",100,1978,1,2
"IA",1981,NA,"Iowa",100,1978,1,3
"IA",1982,NA,"Iowa",100,1978,1,4
"IA",1983,NA,"Iowa",100,1978,1,5
"IA",1984,NA,"Iowa",100,1978,1,6
"IA",1985,NA,"Iowa",100,1978,1,7
"IA",1986,NA,"Iowa",100,1978,1,8
"IA",1987,NA,"Iowa",100,1978,1,9
"IA",1988,NA,"Iowa",100,1978,1,10
"IA",1989,NA,"Iowa",100,1978,1,11
"IA",1990,NA,"Iowa",100,1978,1,12
"IA",1991,NA,"Iowa",100,1978,1,13
"IA",1992,NA,"Iowa",100,1978,1,14
"IA",1993,NA,"Iowa",100,1978,1,15
"IA",1994,NA,"Iowa",100,1978,1,16
"IA",1995,NA,"Iowa",100,1978,1,17
"IA",1996,NA,"Iowa",100,1978,1,18
"IA",1997,NA,"Iowa",100,1978,1,19
"IA",1998,NA,"Iowa",100,1978,1,20
"IA",1999,NA,"Iowa",100,1978,1,21
"IA",2000,NA,"Iowa",100,1978,1,22
"IA",2001,NA,"Iowa",100,1978,1,23
"IA",2002,NA,"Iowa",100,1978,1,24
"IA",2003,NA,"Iowa",100,1978,1,25
"IA",2004,NA,"Iowa",100,1978,1,26
"IA",2005,NA,"Iowa",100,1978,1,27
"IA",2006,NA,"Iowa",100,1978,1,28
"IA",2007,NA,"Iowa",100,1978,1,29
"IA",2008,NA,"Iowa",100,1978,1,30
"IA",2009,NA,"Iowa",100,1978,1,31
"IA",2010,NA,"Iowa",100,1978,1,32
"IA",2011,NA,"Iowa",100,1978,1,33
"IA",2012,NA,"Iowa",100,1978,1,34
"IA",2013,NA,"Iowa",100,1978,1,35
"IA",2014,NA,"Iowa",100,1978,1,36
"IA",2015,NA,"Iowa",100,1978,1,37
"IA",2016,NA,"Iowa",100,1978,1,38
"IA",2017,NA,"Iowa",100,1978,1,39
"IA",2018,NA,"Iowa",100,1978,1,40
"IA",2019,NA,"Iowa",100,1978,1,41
"IA",2020,NA,"Iowa",100,1978,1,42
"IA",2021,NA,"Iowa",100,1978,1,43
"IA",2022,NA,"Iowa",100,1978,1,44
"KS",1976,785,"Kansas",33.34,NA,NA,NA
"KS",1977,816,"Kansas",33.34,NA,NA,NA
"KS",1978,841,"Kansas",33.34,NA,NA,NA
"KS",1979,1097,"Kansas",33.34,NA,NA,NA
"KS",1980,1100,"Kansas",33.34,NA,NA,NA
"KS",1981,1007,"Kansas",33.34,NA,NA,NA
"KS",1982,1013,"Kansas",33.34,NA,NA,NA
"KS",1983,2339,"Kansas",33.34,NA,NA,NA
"KS",1984,116990,"Kansas",33.34,NA,NA,NA
"KS",1985,111886,"Kansas",33.34,NA,NA,NA
"KS",1986,102108,"Kansas",33.34,NA,NA,NA
"KS",1987,63601,"Kansas",33.34,NA,NA,NA
"KS",1988,81812,"Kansas",33.34,NA,NA,NA
"KS",1989,79723,"Kansas",33.34,NA,NA,NA
"KS",1990,86620,"Kansas",33.34,NA,NA,NA
"KS",1991,99619,"Kansas",33.34,NA,NA,NA
"KS",1992,88789,"Kansas",33.34,NA,NA,NA
"KS",1993,102685,"Kansas",33.34,NA,NA,NA
"KS",1994,105663,"Kansas",33.34,NA,NA,NA
"KS",1995,82464,"Kansas",33.34,NA,NA,NA
"KS",1996,73571,"Kansas",33.34,NA,NA,NA
"KS",1997,87185,"Kansas",33.34,NA,NA,NA
"KS",1998,72962,"Kansas",33.34,NA,NA,NA
"KS",1999,49276,"Kansas",33.34,NA,NA,NA
"KS",2000,62048,"Kansas",33.34,NA,NA,NA
"KS",2001,113968,"Kansas",33.34,NA,NA,NA
"KS",2002,66810,"Kansas",33.34,NA,NA,NA
"KS",2003,85271,"Kansas",33.34,NA,NA,NA
"KS",2004,98148,"Kansas",33.34,NA,NA,NA
"KS",2005,117424,"Kansas",33.34,NA,NA,NA
"KS",2006,149676,"Kansas",33.34,NA,NA,NA
"KS",2007,132281,"Kansas",33.34,NA,NA,NA
"KS",2008,168696,"Kansas",33.34,NA,NA,NA
"KS",2009,142658,"Kansas",33.34,NA,NA,NA
"KS",2010,102878,"Kansas",33.34,NA,NA,NA
"KS",2011,122152,"Kansas",33.34,NA,NA,NA
"KS",2012,132907,"Kansas",33.34,NA,NA,NA
"KS",2013,73806,"Kansas",33.34,NA,NA,NA
"KS",2014,124883,"Kansas",33.34,NA,NA,NA
"KS",2015,148077,"Kansas",33.34,NA,NA,NA
"KS",2016,49727,"Kansas",33.34,NA,NA,NA
"KS",2017,52731,"Kansas",33.34,NA,NA,NA
"KS",2018,52213,"Kansas",33.34,NA,NA,NA
"KS",2019,55460,"Kansas",33.34,NA,NA,NA
"KS",2020,32412,"Kansas",33.34,NA,NA,NA
"KS",2021,27553,"Kansas",33.34,NA,NA,NA
"KS",2022,70203,"Kansas",33.34,NA,NA,NA
"KY",1976,91496,"Kentucky",33.34,2018,0,-42
"KY",1977,113005,"Kentucky",33.34,2018,0,-41
"KY",1978,128160,"Kentucky",33.34,2018,0,-40
"KY",1979,154017,"Kentucky",33.34,2018,0,-39
"KY",1980,177244,"Kentucky",33.34,2018,0,-38
"KY",1981,194441,"Kentucky",33.34,2018,0,-37
"KY",1982,256838,"Kentucky",33.34,2018,0,-36
"KY",1983,221445,"Kentucky",33.34,2018,0,-35
"KY",1984,210704,"Kentucky",33.34,2018,0,-34
"KY",1985,227995,"Kentucky",33.34,2018,0,-33
"KY",1986,229296,"Kentucky",50,2018,0,-32
"KY",1987,203142,"Kentucky",50,2018,0,-31
"KY",1988,210046,"Kentucky",50,2018,0,-30
"KY",1989,195065,"Kentucky",50,2018,0,-29
"KY",1990,213893,"Kentucky",50,2018,0,-28
"KY",1991,212596,"Kentucky",50,2018,0,-27
"KY",1992,203329,"Kentucky",50,2018,0,-26
"KY",1993,199995,"Kentucky",50,2018,0,-25
"KY",1994,199261,"Kentucky",50,2018,0,-24
"KY",1995,196686,"Kentucky",50,2018,0,-23
"KY",1996,186125,"Kentucky",50,2018,0,-22
"KY",1997,186642,"Kentucky",50,2018,0,-21
"KY",1998,186058,"Kentucky",50,2018,0,-20
"KY",1999,174778,"Kentucky",50,2018,0,-19
"KY",2000,170476,"Kentucky",50,2018,0,-18
"KY",2001,174995,"Kentucky",50,2018,0,-17
"KY",2002,187416,"Kentucky",50,2018,0,-16
"KY",2003,172202,"Kentucky",50,2018,0,-15
"KY",2004,187109,"Kentucky",50,2018,0,-14
"KY",2005,228848,"Kentucky",50,2018,0,-13
"KY",2006,281581,"Kentucky",50,2018,0,-12
"KY",2007,275313,"Kentucky",50,2018,0,-11
"KY",2008,293334,"Kentucky",50,2018,0,-10
"KY",2009,355985,"Kentucky",50,2018,0,-9
"KY",2010,317146,"Kentucky",50,2018,0,-8
"KY",2011,342320,"Kentucky",50,2018,0,-7
"KY",2012,346050,"Kentucky",50,2018,0,-6
"KY",2013,269786,"Kentucky",50,2018,0,-5
"KY",2014,241989,"Kentucky",50,2018,0,-4
"KY",2015,220613,"Kentucky",50,2018,0,-3
"KY",2016,149403,"Kentucky",50,2018,0,-2
"KY",2017,145122,"Kentucky",50,2018,0,-1
"KY",2018,122972,"Kentucky",100,2018,1,0
"KY",2019,127758,"Kentucky",100,2018,1,1
"KY",2020,87325,"Kentucky",100,2018,1,2
"KY",2021,84446,"Kentucky",100,2018,1,3
"KY",2022,109019,"Kentucky",100,2018,1,4
"LA",1976,558495,"Louisiana",33.34,2016,0,-40
"LA",1977,495498,"Louisiana",33.34,2016,0,-39
"LA",1978,476829,"Louisiana",33.34,2016,0,-38
"LA",1979,468959,"Louisiana",33.34,2016,0,-37
"LA",1980,525297,"Louisiana",33.34,2016,0,-36
"LA",1981,815230,"Louisiana",33.34,2016,0,-35
"LA",1982,982146,"Louisiana",33.34,2016,0,-34
"LA",1983,869465,"Louisiana",33.34,2016,0,-33
"LA",1984,792087,"Louisiana",33.34,2016,0,-32
"LA",1985,745216,"Louisiana",33.34,2016,0,-31
"LA",1986,619671,"Louisiana",33.34,2016,0,-30
"LA",1987,449576,"Louisiana",33.34,2016,0,-29
"LA",1988,474899,"Louisiana",33.34,2016,0,-28
"LA",1989,411534,"Louisiana",33.34,2016,0,-27
"LA",1990,429062,"Louisiana",33.34,2016,0,-26
"LA",1991,578430,"Louisiana",33.34,2016,0,-25
"LA",1992,487887,"Louisiana",33.34,2016,0,-24
"LA",1993,447060,"Louisiana",33.34,2016,0,-23
"LA",1994,370439,"Louisiana",33.34,2016,0,-22
"LA",1995,382527,"Louisiana",33.34,2016,0,-21
"LA",1996,362728,"Louisiana",33.34,2016,0,-20
"LA",1997,408340,"Louisiana",50,2016,0,-19
"LA",1998,503362,"Louisiana",50,2016,0,-18
"LA",1999,350703,"Louisiana",50,2016,0,-17
"LA",2000,378773,"Louisiana",50,2016,0,-16
"LA",2001,464420,"Louisiana",50,2016,0,-15
"LA",2002,493662,"Louisiana",50,2016,0,-14
"LA",2003,482340,"Louisiana",50,2016,0,-13
"LA",2004,476609,"Louisiana",50,2016,0,-12
"LA",2005,711766,"Louisiana",50,2016,0,-11
"LA",2006,716396,"Louisiana",50,2016,0,-10
"LA",2007,904164,"Louisiana",50,2016,0,-9
"LA",2008,1035695,"Louisiana",50,2016,0,-8
"LA",2009,911433,"Louisiana",50,2016,0,-7
"LA",2010,758469,"Louisiana",50,2016,0,-6
"LA",2011,729260,"Louisiana",50,2016,0,-5
"LA",2012,885982,"Louisiana",50,2016,0,-4
"LA",2013,834116,"Louisiana",50,2016,0,-3
"LA",2014,862150,"Louisiana",50,2016,0,-2
"LA",2015,731330,"Louisiana",50,2016,0,-1
"LA",2016,456267,"Louisiana",100,2016,1,0
"LA",2017,410279,"Louisiana",100,2016,1,1
"LA",2018,435228,"Louisiana",100,2016,1,2
"LA",2019,505002,"Louisiana",100,2016,1,3
"LA",2020,447026,"Louisiana",100,2016,1,4
"LA",2021,301942,"Louisiana",100,2016,1,5
"LA",2022,491032,"Louisiana",100,2016,1,6
"ME",1976,NA,"Maine",33.34,2007,0,-31
"ME",1977,NA,"Maine",33.34,2007,0,-30
"ME",1978,NA,"Maine",33.34,2007,0,-29
"ME",1979,NA,"Maine",33.34,2007,0,-28
"ME",1980,NA,"Maine",33.34,2007,0,-27
"ME",1981,NA,"Maine",33.34,2007,0,-26
"ME",1982,NA,"Maine",33.34,2007,0,-25
"ME",1983,NA,"Maine",33.34,2007,0,-24
"ME",1984,NA,"Maine",33.34,2007,0,-23
"ME",1985,NA,"Maine",33.34,2007,0,-22
"ME",1986,NA,"Maine",33.34,2007,0,-21
"ME",1987,NA,"Maine",33.34,2007,0,-20
"ME",1988,NA,"Maine",33.34,2007,0,-19
"ME",1989,NA,"Maine",33.34,2007,0,-18
"ME",1990,NA,"Maine",33.34,2007,0,-17
"ME",1991,NA,"Maine",50,2007,0,-16
"ME",1992,NA,"Maine",50,2007,0,-15
"ME",1993,NA,"Maine",50,2007,0,-14
"ME",1994,NA,"Maine",50,2007,0,-13
"ME",1995,NA,"Maine",50,2007,0,-12
"ME",1996,NA,"Maine",50,2007,0,-11
"ME",1997,NA,"Maine",50,2007,0,-10
"ME",1998,NA,"Maine",50,2007,0,-9
"ME",1999,NA,"Maine",50,2007,0,-8
"ME",2000,NA,"Maine",50,2007,0,-7
"ME",2001,NA,"Maine",50,2007,0,-6
"ME",2002,NA,"Maine",50,2007,0,-5
"ME",2003,NA,"Maine",50,2007,0,-4
"ME",2004,NA,"Maine",50,2007,0,-3
"ME",2005,NA,"Maine",50,2007,0,-2
"ME",2006,NA,"Maine",50,2007,0,-1
"ME",2007,NA,"Maine",100,2007,1,0
"ME",2008,NA,"Maine",100,2007,1,1
"ME",2009,NA,"Maine",100,2007,1,2
"ME",2010,NA,"Maine",100,2007,1,3
"ME",2011,NA,"Maine",100,2007,1,4
"ME",2012,NA,"Maine",100,2007,1,5
"ME",2013,NA,"Maine",100,2007,1,6
"ME",2014,NA,"Maine",100,2007,1,7
"ME",2015,NA,"Maine",100,2007,1,8
"ME",2016,NA,"Maine",100,2007,1,9
"ME",2017,NA,"Maine",100,2007,1,10
"ME",2018,NA,"Maine",100,2007,1,11
"ME",2019,NA,"Maine",100,2007,1,12
"ME",2020,NA,"Maine",100,2007,1,13
"ME",2021,NA,"Maine",100,2007,1,14
"ME",2022,NA,"Maine",100,2007,1,15
"MD",1976,NA,"Maryland",33.34,2018,0,-42
"MD",1977,NA,"Maryland",33.34,2018,0,-41
"MD",1978,NA,"Maryland",33.34,2018,0,-40
"MD",1979,NA,"Maryland",33.34,2018,0,-39
"MD",1980,NA,"Maryland",33.34,2018,0,-38
"MD",1981,NA,"Maryland",33.34,2018,0,-37
"MD",1982,NA,"Maryland",33.34,2018,0,-36
"MD",1983,NA,"Maryland",33.34,2018,0,-35
"MD",1984,NA,"Maryland",33.34,2018,0,-34
"MD",1985,NA,"Maryland",33.34,2018,0,-33
"MD",1986,NA,"Maryland",33.34,2018,0,-32
"MD",1987,NA,"Maryland",33.34,2018,0,-31
"MD",1988,NA,"Maryland",33.34,2018,0,-30
"MD",1989,NA,"Maryland",33.34,2018,0,-29
"MD",1990,NA,"Maryland",33.34,2018,0,-28
"MD",1991,NA,"Maryland",33.34,2018,0,-27
"MD",1992,NA,"Maryland",50,2018,0,-26
"MD",1993,NA,"Maryland",50,2018,0,-25
"MD",1994,NA,"Maryland",50,2018,0,-24
"MD",1995,NA,"Maryland",50,2018,0,-23
"MD",1996,NA,"Maryland",50,2018,0,-22
"MD",1997,NA,"Maryland",50,2018,0,-21
"MD",1998,NA,"Maryland",50,2018,0,-20
"MD",1999,NA,"Maryland",50,2018,0,-19
"MD",2000,NA,"Maryland",50,2018,0,-18
"MD",2001,NA,"Maryland",50,2018,0,-17
"MD",2002,NA,"Maryland",50,2018,0,-16
"MD",2003,NA,"Maryland",50,2018,0,-15
"MD",2004,NA,"Maryland",50,2018,0,-14
"MD",2005,NA,"Maryland",50,2018,0,-13
"MD",2006,NA,"Maryland",50,2018,0,-12
"MD",2007,NA,"Maryland",50,2018,0,-11
"MD",2008,NA,"Maryland",50,2018,0,-10
"MD",2009,NA,"Maryland",50,2018,0,-9
"MD",2010,NA,"Maryland",50,2018,0,-8
"MD",2011,NA,"Maryland",50,2018,0,-7
"MD",2012,NA,"Maryland",50,2018,0,-6
"MD",2013,NA,"Maryland",50,2018,0,-5
"MD",2014,NA,"Maryland",50,2018,0,-4
"MD",2015,NA,"Maryland",50,2018,0,-3
"MD",2016,NA,"Maryland",50,2018,0,-2
"MD",2017,NA,"Maryland",50,2018,0,-1
"MD",2018,NA,"Maryland",60,2018,1,0
"MD",2019,NA,"Maryland",66.67,2018,1,1
"MD",2020,NA,"Maryland",71.43,2018,1,2
"MD",2021,NA,"Maryland",75,2018,1,3
"MD",2022,NA,"Maryland",100,2018,1,4
"MA",1976,NA,"Massachusetts",50,2025,0,-49
"MA",1977,NA,"Massachusetts",50,2025,0,-48
"MA",1978,NA,"Massachusetts",50,2025,0,-47
"MA",1979,NA,"Massachusetts",50,2025,0,-46
"MA",1980,NA,"Massachusetts",50,2025,0,-45
"MA",1981,NA,"Massachusetts",50,2025,0,-44
"MA",1982,NA,"Massachusetts",50,2025,0,-43
"MA",1983,NA,"Massachusetts",50,2025,0,-42
"MA",1984,NA,"Massachusetts",50,2025,0,-41
"MA",1985,NA,"Massachusetts",50,2025,0,-40
"MA",1986,NA,"Massachusetts",50,2025,0,-39
"MA",1987,NA,"Massachusetts",50,2025,0,-38
"MA",1988,NA,"Massachusetts",50,2025,0,-37
"MA",1989,NA,"Massachusetts",50,2025,0,-36
"MA",1990,NA,"Massachusetts",50,2025,0,-35
"MA",1991,NA,"Massachusetts",50,2025,0,-34
"MA",1992,NA,"Massachusetts",50,2025,0,-33
"MA",1993,NA,"Massachusetts",50,2025,0,-32
"MA",1994,NA,"Massachusetts",50,2025,0,-31
"MA",1995,NA,"Massachusetts",50,2025,0,-30
"MA",1996,NA,"Massachusetts",50,2025,0,-29
"MA",1997,NA,"Massachusetts",50,2025,0,-28
"MA",1998,NA,"Massachusetts",50,2025,0,-27
"MA",1999,NA,"Massachusetts",50,2025,0,-26
"MA",2000,NA,"Massachusetts",50,2025,0,-25
"MA",2001,NA,"Massachusetts",50,2025,0,-24
"MA",2002,NA,"Massachusetts",50,2025,0,-23
"MA",2003,NA,"Massachusetts",50,2025,0,-22
"MA",2004,NA,"Massachusetts",50,2025,0,-21
"MA",2005,NA,"Massachusetts",50,2025,0,-20
"MA",2006,NA,"Massachusetts",50,2025,0,-19
"MA",2007,NA,"Massachusetts",50,2025,0,-18
"MA",2008,NA,"Massachusetts",50,2025,0,-17
"MA",2009,NA,"Massachusetts",50,2025,0,-16
"MA",2010,NA,"Massachusetts",50,2025,0,-15
"MA",2011,NA,"Massachusetts",50,2025,0,-14
"MA",2012,NA,"Massachusetts",50,2025,0,-13
"MA",2013,NA,"Massachusetts",50,2025,0,-12
"MA",2014,NA,"Massachusetts",50,2025,0,-11
"MA",2015,NA,"Massachusetts",50,2025,0,-10
"MA",2016,NA,"Massachusetts",50,2025,0,-9
"MA",2017,NA,"Massachusetts",50,2025,0,-8
"MA",2018,NA,"Massachusetts",50,2025,0,-7
"MA",2019,NA,"Massachusetts",50,2025,0,-6
"MA",2020,NA,"Massachusetts",50,2025,0,-5
"MA",2021,NA,"Massachusetts",50,2025,0,-4
"MA",2022,NA,"Massachusetts",50,2025,0,-3
"MI",1976,7065,"Michigan",33.34,1991,0,-15
"MI",1977,9574,"Michigan",33.34,1991,0,-14
"MI",1978,11718,"Michigan",33.34,1991,0,-13
"MI",1979,13724,"Michigan",33.34,1991,0,-12
"MI",1980,43525,"Michigan",33.34,1991,0,-11
"MI",1981,82857,"Michigan",33.34,1991,0,-10
"MI",1982,81603,"Michigan",33.34,1991,0,-9
"MI",1983,81371,"Michigan",33.34,1991,0,-8
"MI",1984,73313,"Michigan",33.34,1991,0,-7
"MI",1985,75729,"Michigan",33.34,1991,0,-6
"MI",1986,52821,"Michigan",33.34,1991,0,-5
"MI",1987,48344,"Michigan",33.34,1991,0,-4
"MI",1988,43581,"Michigan",33.34,1991,0,-3
"MI",1989,40541,"Michigan",33.34,1991,0,-2
"MI",1990,45570,"Michigan",33.34,1991,0,-1
"MI",1991,48895,"Michigan",40,1991,1,0
"MI",1992,41331,"Michigan",40,1991,1,1
"MI",1993,40069,"Michigan",50,1991,1,2
"MI",1994,33483,"Michigan",50,1991,1,3
"MI",1995,27198,"Michigan",50,1991,1,4
"MI",1996,36776,"Michigan",50,1991,1,5
"MI",1997,41154,"Michigan",80,1991,1,6
"MI",1998,30982,"Michigan",80,1991,1,7
"MI",1999,24214,"Michigan",90,1991,1,8
"MI",2000,45140,"Michigan",90,1991,1,9
"MI",2001,61804,"Michigan",90,1991,1,10
"MI",2002,31688,"Michigan",90,1991,1,11
"MI",2003,49118,"Michigan",90,1991,1,12
"MI",2004,58220,"Michigan",90,1991,1,13
"MI",2005,68055,"Michigan",90,1991,1,14
"MI",2006,90956,"Michigan",92.5,1991,1,15
"MI",2007,81874,"Michigan",92.5,1991,1,16
"MI",2008,113506,"Michigan",100,1991,1,17
"MI",2009,53233,"Michigan",100,1991,1,18
"MI",2010,63106,"Michigan",100,1991,1,19
"MI",2011,69870,"Michigan",100,1991,1,20
"MI",2012,63602,"Michigan",100,1991,1,21
"MI",2013,70087,"Michigan",100,1991,1,22
"MI",2014,73488,"Michigan",100,1991,1,23
"MI",2015,36883,"Michigan",100,1991,1,24
"MI",2016,23637,"Michigan",100,1991,1,25
"MI",2017,24973,"Michigan",100,1991,1,26
"MI",2018,32548,"Michigan",100,1991,1,27
"MI",2019,23852,"Michigan",100,1991,1,28
"MI",2020,14983,"Michigan",100,1991,1,29
"MI",2021,23549,"Michigan",100,1991,1,30
"MI",2022,46951,"Michigan",100,1991,1,31
"MN",1976,58171,"Minnesota",33.34,2007,0,-31
"MN",1977,59718,"Minnesota",33.34,2007,0,-30
"MN",1978,61945,"Minnesota",33.34,2007,0,-29
"MN",1979,71263,"Minnesota",33.34,2007,0,-28
"MN",1980,83459,"Minnesota",33.34,2007,0,-27
"MN",1981,98858,"Minnesota",33.34,2007,0,-26
"MN",1982,118609,"Minnesota",33.34,2007,0,-25
"MN",1983,84693,"Minnesota",33.34,2007,0,-24
"MN",1984,74085,"Minnesota",33.34,2007,0,-23
"MN",1985,79963,"Minnesota",33.34,2007,0,-22
"MN",1986,9501,"Minnesota",33.34,2007,0,-21
"MN",1987,8266,"Minnesota",70,2007,0,-20
"MN",1988,7796,"Minnesota",70,2007,0,-19
"MN",1989,6406,"Minnesota",70,2007,0,-18
"MN",1990,2076,"Minnesota",70,2007,0,-17
"MN",1991,2212,"Minnesota",70,2007,0,-16
"MN",1992,2045,"Minnesota",70,2007,0,-15
"MN",1993,3041,"Minnesota",70,2007,0,-14
"MN",1994,2720,"Minnesota",70,2007,0,-13
"MN",1995,2457,"Minnesota",70,2007,0,-12
"MN",1996,3198,"Minnesota",70,2007,0,-11
"MN",1997,3218,"Minnesota",70,2007,0,-10
"MN",1998,1295,"Minnesota",70,2007,0,-9
"MN",1999,2164,"Minnesota",70,2007,0,-8
"MN",2000,2292,"Minnesota",70,2007,0,-7
"MN",2001,1147,"Minnesota",75,2007,0,-6
"MN",2002,13477,"Minnesota",75,2007,0,-5
"MN",2003,23083,"Minnesota",75,2007,0,-4
"MN",2004,14814,"Minnesota",75,2007,0,-3
"MN",2005,32348,"Minnesota",75,2007,0,-2
"MN",2006,28022,"Minnesota",75,2007,0,-1
"MN",2007,34591,"Minnesota",78,2007,1,0
"MN",2008,31821,"Minnesota",81,2007,1,1
"MN",2009,45820,"Minnesota",84,2007,1,2
"MN",2010,23290,"Minnesota",87,2007,1,3
"MN",2011,27618,"Minnesota",90,2007,1,4
"MN",2012,46370,"Minnesota",93,2007,1,5
"MN",2013,54343,"Minnesota",96,2007,1,6
"MN",2014,50578,"Minnesota",100,2007,1,7
"MN",2015,58931,"Minnesota",100,2007,1,8
"MN",2016,49711,"Minnesota",100,2007,1,9
"MN",2017,46593,"Minnesota",100,2007,1,10
"MN",2018,49623,"Minnesota",100,2007,1,11
"MN",2019,60158,"Minnesota",100,2007,1,12
"MN",2020,56358,"Minnesota",100,2007,1,13
"MN",2021,64652,"Minnesota",100,2007,1,14
"MN",2022,104616,"Minnesota",100,2007,1,15
"MS",1976,23601,"Mississippi",33.34,NA,NA,NA
"MS",1977,25358,"Mississippi",33.34,NA,NA,NA
"MS",1978,27559,"Mississippi",33.34,NA,NA,NA
"MS",1979,32922,"Mississippi",33.34,NA,NA,NA
"MS",1980,52514,"Mississippi",33.34,NA,NA,NA
"MS",1981,87886,"Mississippi",33.34,NA,NA,NA
"MS",1982,117012,"Mississippi",33.34,NA,NA,NA
"MS",1983,114628,"Mississippi",33.34,NA,NA,NA
"MS",1984,102956,"Mississippi",33.34,NA,NA,NA
"MS",1985,92898,"Mississippi",33.34,NA,NA,NA
"MS",1986,72925,"Mississippi",33.34,NA,NA,NA
"MS",1987,49190,"Mississippi",33.34,NA,NA,NA
"MS",1988,53224,"Mississippi",33.34,NA,NA,NA
"MS",1989,45083,"Mississippi",33.34,NA,NA,NA
"MS",1990,45558,"Mississippi",33.34,NA,NA,NA
"MS",1991,51182,"Mississippi",33.34,NA,NA,NA
"MS",1992,41994,"Mississippi",33.34,NA,NA,NA
"MS",1993,40256,"Mississippi",33.34,NA,NA,NA
"MS",1994,34214,"Mississippi",33.34,NA,NA,NA
"MS",1995,28656,"Mississippi",33.34,NA,NA,NA
"MS",1996,28222,"Mississippi",33.34,NA,NA,NA
"MS",1997,32933,"Mississippi",33.34,NA,NA,NA
"MS",1998,29682,"Mississippi",33.34,NA,NA,NA
"MS",1999,19259,"Mississippi",33.34,NA,NA,NA
"MS",2000,28139,"Mississippi",33.34,NA,NA,NA
"MS",2001,35103,"Mississippi",33.34,NA,NA,NA
"MS",2002,31897,"Mississippi",33.34,NA,NA,NA
"MS",2003,47241,"Mississippi",33.34,NA,NA,NA
"MS",2004,53809,"Mississippi",100,NA,NA,NA
"MS",2005,66275,"Mississippi",100,NA,NA,NA
"MS",2006,89910,"Mississippi",100,NA,NA,NA
"MS",2007,81814,"Mississippi",100,NA,NA,NA
"MS",2008,135248,"Mississippi",100,NA,NA,NA
"MS",2009,113762,"Mississippi",100,NA,NA,NA
"MS",2010,90832,"Mississippi",100,NA,NA,NA
"MS",2011,105100,"Mississippi",100,NA,NA,NA
"MS",2012,116379,"Mississippi",100,NA,NA,NA
"MS",2013,104692,"Mississippi",100,NA,NA,NA
"MS",2014,91059,"Mississippi",100,NA,NA,NA
"MS",2015,78726,"Mississippi",100,NA,NA,NA
"MS",2016,39194,"Mississippi",100,NA,NA,NA
"MS",2017,42134,"Mississippi",100,NA,NA,NA
"MS",2018,47418,"Mississippi",100,NA,NA,NA
"MS",2019,51741,"Mississippi",100,NA,NA,NA
"MS",2020,36507,"Mississippi",100,NA,NA,NA
"MS",2021,29635,"Mississippi",100,NA,NA,NA
"MS",2022,51364,"Mississippi",100,NA,NA,NA
"MO",1976,0,"Missouri",33.34,2020,0,-44
"MO",1977,0,"Missouri",33.34,2020,0,-43
"MO",1978,36,"Missouri",33.34,2020,0,-42
"MO",1979,45,"Missouri",33.34,2020,0,-41
"MO",1980,46,"Missouri",33.34,2020,0,-40
"MO",1981,19,"Missouri",33.34,2020,0,-39
"MO",1982,30,"Missouri",33.34,2020,0,-38
"MO",1983,25,"Missouri",33.34,2020,0,-37
"MO",1984,26,"Missouri",33.34,2020,0,-36
"MO",1985,41,"Missouri",33.34,2020,0,-35
"MO",1986,31,"Missouri",33.34,2020,0,-34
"MO",1987,21,"Missouri",33.34,2020,0,-33
"MO",1988,33,"Missouri",33.34,2020,0,-32
"MO",1989,26,"Missouri",33.34,2020,0,-31
"MO",1990,35,"Missouri",33.34,2020,0,-30
"MO",1991,42,"Missouri",33.34,2020,0,-29
"MO",1992,109,"Missouri",33.34,2020,0,-28
"MO",1993,35,"Missouri",33.34,2020,0,-27
"MO",1994,61,"Missouri",33.34,2020,0,-26
"MO",1995,21,"Missouri",33.34,2020,0,-25
"MO",1996,12,"Missouri",33.34,2020,0,-24
"MO",1997,114,"Missouri",33.34,2020,0,-23
"MO",1998,81,"Missouri",33.34,2020,0,-22
"MO",1999,33,"Missouri",100,2020,0,-21
"MO",2000,120,"Missouri",100,2020,0,-20
"MO",2001,63,"Missouri",100,2020,0,-19
"MO",2002,0,"Missouri",100,2020,0,-18
"MO",2003,33,"Missouri",100,2020,0,-17
"MO",2004,53,"Missouri",100,2020,0,-16
"MO",2005,75,"Missouri",100,2020,0,-15
"MO",2006,49,"Missouri",100,2020,0,-14
"MO",2007,58,"Missouri",100,2020,0,-13
"MO",2008,21,"Missouri",100,2020,0,-12
"MO",2009,18,"Missouri",100,2020,0,-11
"MO",2010,2,"Missouri",100,2020,0,-10
"MO",2011,5,"Missouri",100,2020,0,-9
"MO",2012,2,"Missouri",100,2020,0,-8
"MO",2013,8,"Missouri",100,2020,0,-7
"MO",2014,5,"Missouri",100,2020,0,-6
"MO",2015,1,"Missouri",100,2020,0,-5
"MO",2016,9,"Missouri",100,2020,0,-4
"MO",2017,18,"Missouri",100,2020,0,-3
"MO",2018,2,"Missouri",100,2020,0,-2
"MO",2019,4,"Missouri",100,2020,0,-1
"MO",2020,1,"Missouri",100,2020,1,0
"MO",2021,0,"Missouri",100,2020,1,1
"MO",2022,0,"Missouri",100,2020,1,2
"MT",1976,31344,"Montana",33.34,2025,0,-49
"MT",1977,43543,"Montana",33.34,2025,0,-48
"MT",1978,44667,"Montana",33.34,2025,0,-47
"MT",1979,53919,"Montana",33.34,2025,0,-46
"MT",1980,94636,"Montana",33.34,2025,0,-45
"MT",1981,99248,"Montana",33.34,2025,0,-44
"MT",1982,149361,"Montana",33.34,2025,0,-43
"MT",1983,137599,"Montana",33.34,2025,0,-42
"MT",1984,144761,"Montana",33.34,2025,0,-41
"MT",1985,150673,"Montana",33.34,2025,0,-40
"MT",1986,129934,"Montana",33.34,2025,0,-39
"MT",1987,101453,"Montana",33.34,2025,0,-38
"MT",1988,112779,"Montana",33.34,2025,0,-37
"MT",1989,85457,"Montana",33.34,2025,0,-36
"MT",1990,95740,"Montana",33.34,2025,0,-35
"MT",1991,82913,"Montana",33.34,2025,0,-34
"MT",1992,123795,"Montana",33.34,2025,0,-33
"MT",1993,97141,"Montana",33.34,2025,0,-32
"MT",1994,90893,"Montana",33.34,2025,0,-31
"MT",1995,83241,"Montana",33.34,2025,0,-30
"MT",1996,88303,"Montana",33.34,2025,0,-29
"MT",1997,93907,"Montana",33.34,2025,0,-28
"MT",1998,76112,"Montana",33.34,2025,0,-27
"MT",1999,74190,"Montana",33.34,2025,0,-26
"MT",2000,85226,"Montana",33.34,2025,0,-25
"MT",2001,131900,"Montana",33.34,2025,0,-24
"MT",2002,88882,"Montana",33.34,2025,0,-23
"MT",2003,111095,"Montana",33.34,2025,0,-22
"MT",2004,83503,"Montana",33.34,2025,0,-21
"MT",2005,181201,"Montana",33.34,2025,0,-20
"MT",2006,247385,"Montana",33.34,2025,0,-19
"MT",2007,264740,"Montana",33.34,2025,0,-18
"MT",2008,347221,"Montana",33.34,2025,0,-17
"MT",2009,349714,"Montana",33.34,2025,0,-16
"MT",2010,253649,"Montana",33.34,2025,0,-15
"MT",2011,278372,"Montana",33.34,2025,0,-14
"MT",2012,305617,"Montana",33.34,2025,0,-13
"MT",2013,282356,"Montana",33.34,2025,0,-12
"MT",2014,305614,"Montana",33.34,2025,0,-11
"MT",2015,269287,"Montana",33.34,2025,0,-10
"MT",2016,164373,"Montana",33.34,2025,0,-9
"MT",2017,167471,"Montana",33.34,2025,0,-8
"MT",2018,185397,"Montana",33.34,2025,0,-7
"MT",2019,202463,"Montana",33.34,2025,0,-6
"MT",2020,173824,"Montana",33.34,2025,0,-5
"MT",2021,130998,"Montana",33.34,2025,0,-4
"MT",2022,227029,"Montana",50,2025,0,-3
"NE",1976,1113,"Nebraska",33.34,1988,0,-12
"NE",1977,1131,"Nebraska",33.34,1988,0,-11
"NE",1978,1243,"Nebraska",33.34,1988,0,-10
"NE",1979,1516,"Nebraska",33.34,1988,0,-9
"NE",1980,2948,"Nebraska",33.34,1988,0,-8
"NE",1981,4196,"Nebraska",33.34,1988,0,-7
"NE",1982,6010,"Nebraska",33.34,1988,0,-6
"NE",1983,5217,"Nebraska",33.34,1988,0,-5
"NE",1984,4539,"Nebraska",33.34,1988,0,-4
"NE",1985,4607,"Nebraska",33.34,1988,0,-3
"NE",1986,4037,"Nebraska",33.34,1988,0,-2
"NE",1987,2396,"Nebraska",33.34,1988,0,-1
"NE",1988,2571,"Nebraska",46.67,1988,1,0
"NE",1989,2284,"Nebraska",60,1988,1,1
"NE",1990,2729,"Nebraska",73.33,1988,1,2
"NE",1991,3201,"Nebraska",86.67,1988,1,3
"NE",1992,2631,"Nebraska",100,1988,1,4
"NE",1993,2344,"Nebraska",100,1988,1,5
"NE",1994,1628,"Nebraska",100,1988,1,6
"NE",1995,1573,"Nebraska",100,1988,1,7
"NE",1996,1492,"Nebraska",100,1988,1,8
"NE",1997,1806,"Nebraska",100,1988,1,9
"NE",1998,1334,"Nebraska",100,1988,1,10
"NE",1999,764,"Nebraska",100,1988,1,11
"NE",2000,1658,"Nebraska",100,1988,1,12
"NE",2001,2041,"Nebraska",100,1988,1,13
"NE",2002,1221,"Nebraska",100,1988,1,14
"NE",2003,1782,"Nebraska",100,1988,1,15
"NE",2004,1806,"Nebraska",100,1988,1,16
"NE",2005,2560,"Nebraska",100,1988,1,17
"NE",2006,2820,"Nebraska",100,1988,1,18
"NE",2007,2499,"Nebraska",100,1988,1,19
"NE",2008,4968,"Nebraska",100,1988,1,20
"NE",2009,4718,"Nebraska",100,1988,1,21
"NE",2010,3473,"Nebraska",100,1988,1,22
"NE",2011,4440,"Nebraska",100,1988,1,23
"NE",2012,5355,"Nebraska",100,1988,1,24
"NE",2013,4064,"Nebraska",100,1988,1,25
"NE",2014,6762,"Nebraska",100,1988,1,26
"NE",2015,5282,"Nebraska",100,1988,1,27
"NE",2016,2527,"Nebraska",100,1988,1,28
"NE",2017,3289,"Nebraska",100,1988,1,29
"NE",2018,3236,"Nebraska",100,1988,1,30
"NE",2019,3382,"Nebraska",100,1988,1,31
"NE",2020,2396,"Nebraska",100,1988,1,32
"NE",2021,2514,"Nebraska",100,1988,1,33
"NE",2022,4643,"Nebraska",100,1988,1,34
"NH",1976,103,"New Hampshire",33.34,2022,0,-46
"NH",1977,144,"New Hampshire",33.34,2022,0,-45
"NH",1978,174,"New Hampshire",33.34,2022,0,-44
"NH",1979,207,"New Hampshire",33.34,2022,0,-43
"NH",1980,311,"New Hampshire",33.34,2022,0,-42
"NH",1981,52,"New Hampshire",33.34,2022,0,-41
"NH",1982,45,"New Hampshire",33.34,2022,0,-40
"NH",1983,83,"New Hampshire",33.34,2022,0,-39
"NH",1984,56,"New Hampshire",33.34,2022,0,-38
"NH",1985,104,"New Hampshire",33.34,2022,0,-37
"NH",1986,485,"New Hampshire",33.34,2022,0,-36
"NH",1987,85,"New Hampshire",33.34,2022,0,-35
"NH",1988,0,"New Hampshire",33.34,2022,0,-34
"NH",1989,147,"New Hampshire",33.34,2022,0,-33
"NH",1990,159,"New Hampshire",33.34,2022,0,-32
"NH",1991,127,"New Hampshire",33.34,2022,0,-31
"NH",1992,40,"New Hampshire",50,2022,0,-30
"NH",1993,26,"New Hampshire",50,2022,0,-29
"NH",1994,0,"New Hampshire",50,2022,0,-28
"NH",1995,1,"New Hampshire",50,2022,0,-27
"NH",1996,0,"New Hampshire",50,2022,0,-26
"NH",1997,0,"New Hampshire",50,2022,0,-25
"NH",1998,0,"New Hampshire",50,2022,0,-24
"NH",1999,0,"New Hampshire",50,2022,0,-23
"NH",2000,0,"New Hampshire",50,2022,0,-22
"NH",2001,0,"New Hampshire",50,2022,0,-21
"NH",2002,0,"New Hampshire",50,2022,0,-20
"NH",2003,0,"New Hampshire",50,2022,0,-19
"NH",2004,0,"New Hampshire",50,2022,0,-18
"NH",2005,0,"New Hampshire",50,2022,0,-17
"NH",2006,0,"New Hampshire",50,2022,0,-16
"NH",2007,0,"New Hampshire",50,2022,0,-15
"NH",2008,0,"New Hampshire",50,2022,0,-14
"NH",2009,0,"New Hampshire",50,2022,0,-13
"NH",2010,0,"New Hampshire",50,2022,0,-12
"NH",2011,0,"New Hampshire",50,2022,0,-11
"NH",2012,0,"New Hampshire",50,2022,0,-10
"NH",2013,0,"New Hampshire",50,2022,0,-9
"NH",2014,NA,"New Hampshire",50,2022,0,-8
"NH",2015,NA,"New Hampshire",50,2022,0,-7
"NH",2016,NA,"New Hampshire",50,2022,0,-6
"NH",2017,NA,"New Hampshire",50,2022,0,-5
"NH",2018,NA,"New Hampshire",50,2022,0,-4
"NH",2019,NA,"New Hampshire",50,2022,0,-3
"NH",2020,NA,"New Hampshire",50,2022,0,-2
"NH",2021,NA,"New Hampshire",50,2022,0,-1
"NH",2022,NA,"New Hampshire",100,2022,1,0
"NJ",1976,NA,"New Jersey",33.34,2012,0,-36
"NJ",1977,NA,"New Jersey",33.34,2012,0,-35
"NJ",1978,NA,"New Jersey",33.34,2012,0,-34
"NJ",1979,NA,"New Jersey",33.34,2012,0,-33
"NJ",1980,NA,"New Jersey",33.34,2012,0,-32
"NJ",1981,NA,"New Jersey",33.34,2012,0,-31
"NJ",1982,NA,"New Jersey",33.34,2012,0,-30
"NJ",1983,NA,"New Jersey",33.34,2012,0,-29
"NJ",1984,NA,"New Jersey",33.34,2012,0,-28
"NJ",1985,NA,"New Jersey",33.34,2012,0,-27
"NJ",1986,NA,"New Jersey",33.34,2012,0,-26
"NJ",1987,NA,"New Jersey",33.34,2012,0,-25
"NJ",1988,NA,"New Jersey",33.34,2012,0,-24
"NJ",1989,NA,"New Jersey",33.34,2012,0,-23
"NJ",1990,NA,"New Jersey",33.34,2012,0,-22
"NJ",1991,NA,"New Jersey",33.34,2012,0,-21
"NJ",1992,NA,"New Jersey",33.34,2012,0,-20
"NJ",1993,NA,"New Jersey",33.34,2012,0,-19
"NJ",1994,NA,"New Jersey",33.34,2012,0,-18
"NJ",1995,NA,"New Jersey",33.34,2012,0,-17
"NJ",1996,NA,"New Jersey",50,2012,0,-16
"NJ",1997,NA,"New Jersey",50,2012,0,-15
"NJ",1998,NA,"New Jersey",50,2012,0,-14
"NJ",1999,NA,"New Jersey",50,2012,0,-13
"NJ",2000,NA,"New Jersey",50,2012,0,-12
"NJ",2001,NA,"New Jersey",50,2012,0,-11
"NJ",2002,NA,"New Jersey",50,2012,0,-10
"NJ",2003,NA,"New Jersey",50,2012,0,-9
"NJ",2004,NA,"New Jersey",50,2012,0,-8
"NJ",2005,NA,"New Jersey",50,2012,0,-7
"NJ",2006,NA,"New Jersey",50,2012,0,-6
"NJ",2007,NA,"New Jersey",50,2012,0,-5
"NJ",2008,NA,"New Jersey",50,2012,0,-4
"NJ",2009,NA,"New Jersey",50,2012,0,-3
"NJ",2010,NA,"New Jersey",50,2012,0,-2
"NJ",2011,NA,"New Jersey",50,2012,0,-1
"NJ",2012,NA,"New Jersey",70,2012,1,0
"NJ",2013,NA,"New Jersey",90,2012,1,1
"NJ",2014,NA,"New Jersey",100,2012,1,2
"NJ",2015,NA,"New Jersey",100,2012,1,3
"NJ",2016,NA,"New Jersey",100,2012,1,4
"NJ",2017,NA,"New Jersey",100,2012,1,5
"NJ",2018,NA,"New Jersey",100,2012,1,6
"NJ",2019,NA,"New Jersey",100,2012,1,7
"NJ",2020,NA,"New Jersey",100,2012,1,8
"NJ",2021,NA,"New Jersey",100,2012,1,9
"NJ",2022,NA,"New Jersey",100,2012,1,10
"NM",1976,87485,"New Mexico",33.34,NA,NA,NA
"NM",1977,102783,"New Mexico",33.34,NA,NA,NA
"NM",1978,145826,"New Mexico",33.34,NA,NA,NA
"NM",1979,159431,"New Mexico",33.34,NA,NA,NA
"NM",1980,213643,"New Mexico",33.34,NA,NA,NA
"NM",1981,322592,"New Mexico",33.34,NA,NA,NA
"NM",1982,377802,"New Mexico",33.34,NA,NA,NA
"NM",1983,351343,"New Mexico",33.34,NA,NA,NA
"NM",1984,367449,"New Mexico",33.34,NA,NA,NA
"NM",1985,390817,"New Mexico",33.34,NA,NA,NA
"NM",1986,367214,"New Mexico",33.34,NA,NA,NA
"NM",1987,235044,"New Mexico",33.34,NA,NA,NA
"NM",1988,291880,"New Mexico",33.34,NA,NA,NA
"NM",1989,256171,"New Mexico",33.34,NA,NA,NA
"NM",1990,292690,"New Mexico",33.34,NA,NA,NA
"NM",1991,256431,"New Mexico",33.34,NA,NA,NA
"NM",1992,239170,"New Mexico",33.34,NA,NA,NA
"NM",1993,309766,"New Mexico",33.34,NA,NA,NA
"NM",1994,330669,"New Mexico",33.34,NA,NA,NA
"NM",1995,294297,"New Mexico",33.34,NA,NA,NA
"NM",1996,307231,"New Mexico",33.34,NA,NA,NA
"NM",1997,405828,"New Mexico",33.34,NA,NA,NA
"NM",1998,407699,"New Mexico",33.34,NA,NA,NA
"NM",1999,269940,"New Mexico",33.34,NA,NA,NA
"NM",2000,439327,"New Mexico",33.34,NA,NA,NA
"NM",2001,675212,"New Mexico",33.34,NA,NA,NA
"NM",2002,453397,"New Mexico",33.34,NA,NA,NA
"NM",2003,483739,"New Mexico",33.34,NA,NA,NA
"NM",2004,587625,"New Mexico",33.34,NA,NA,NA
"NM",2005,712539,"New Mexico",33.34,NA,NA,NA
"NM",2006,923304,"New Mexico",33.34,NA,NA,NA
"NM",2007,942354,"New Mexico",33.34,NA,NA,NA
"NM",2008,625938,"New Mexico",33.34,NA,NA,NA
"NM",2009,931812,"New Mexico",33.34,NA,NA,NA
"NM",2010,654752,"New Mexico",33.34,NA,NA,NA
"NM",2011,666383,"New Mexico",33.34,NA,NA,NA
"NM",2012,944952,"New Mexico",33.34,NA,NA,NA
"NM",2013,843207,"New Mexico",33.34,NA,NA,NA
"NM",2014,1066343,"New Mexico",33.34,NA,NA,NA
"NM",2015,1001741,"New Mexico",33.34,NA,NA,NA
"NM",2016,861653,"New Mexico",33.34,NA,NA,NA
"NM",2017,749782,"New Mexico",33.34,NA,NA,NA
"NM",2018,1042547,"New Mexico",33.34,NA,NA,NA
"NM",2019,1491507,"New Mexico",33.34,NA,NA,NA
"NM",2020,1415606,"New Mexico",33.34,NA,NA,NA
"NM",2021,1804377,"New Mexico",33.34,NA,NA,NA
"NM",2022,2250072,"New Mexico",33.34,NA,NA,NA
"NY",1976,NA,"New York",50,2015,0,-39
"NY",1977,NA,"New York",50,2015,0,-38
"NY",1978,NA,"New York",50,2015,0,-37
"NY",1979,NA,"New York",50,2015,0,-36
"NY",1980,NA,"New York",50,2015,0,-35
"NY",1981,NA,"New York",50,2015,0,-34
"NY",1982,NA,"New York",50,2015,0,-33
"NY",1983,NA,"New York",50,2015,0,-32
"NY",1984,NA,"New York",50,2015,0,-31
"NY",1985,NA,"New York",50,2015,0,-30
"NY",1986,NA,"New York",50,2015,0,-29
"NY",1987,NA,"New York",50,2015,0,-28
"NY",1988,NA,"New York",50,2015,0,-27
"NY",1989,NA,"New York",50,2015,0,-26
"NY",1990,NA,"New York",50,2015,0,-25
"NY",1991,NA,"New York",50,2015,0,-24
"NY",1992,NA,"New York",50,2015,0,-23
"NY",1993,NA,"New York",50,2015,0,-22
"NY",1994,NA,"New York",50,2015,0,-21
"NY",1995,NA,"New York",50,2015,0,-20
"NY",1996,NA,"New York",50,2015,0,-19
"NY",1997,NA,"New York",50,2015,0,-18
"NY",1998,NA,"New York",50,2015,0,-17
"NY",1999,NA,"New York",50,2015,0,-16
"NY",2000,NA,"New York",50,2015,0,-15
"NY",2001,NA,"New York",50,2015,0,-14
"NY",2002,NA,"New York",50,2015,0,-13
"NY",2003,NA,"New York",50,2015,0,-12
"NY",2004,NA,"New York",50,2015,0,-11
"NY",2005,NA,"New York",50,2015,0,-10
"NY",2006,NA,"New York",50,2015,0,-9
"NY",2007,NA,"New York",80,2015,0,-8
"NY",2008,NA,"New York",100,2015,0,-7
"NY",2009,NA,"New York",100,2015,0,-6
"NY",2010,NA,"New York",100,2015,0,-5
"NY",2011,NA,"New York",100,2015,0,-4
"NY",2012,NA,"New York",100,2015,0,-3
"NY",2013,NA,"New York",100,2015,0,-2
"NY",2014,NA,"New York",100,2015,0,-1
"NY",2015,NA,"New York",100,2015,1,0
"NY",2016,NA,"New York",100,2015,1,1
"NY",2017,NA,"New York",100,2015,1,2
"NY",2018,NA,"New York",100,2015,1,3
"NY",2019,NA,"New York",100,2015,1,4
"NY",2020,NA,"New York",100,2015,1,5
"NY",2021,NA,"New York",100,2015,1,6
"NY",2022,NA,"New York",100,2015,1,7
"NC",1976,0,"North Carolina",33.34,2016,0,-40
"NC",1977,0,"North Carolina",33.34,2016,0,-39
"NC",1978,0,"North Carolina",33.34,2016,0,-38
"NC",1979,1013,"North Carolina",33.34,2016,0,-37
"NC",1980,1292,"North Carolina",33.34,2016,0,-36
"NC",1981,1385,"North Carolina",33.34,2016,0,-35
"NC",1982,1217,"North Carolina",33.34,2016,0,-34
"NC",1983,1197,"North Carolina",33.34,2016,0,-33
"NC",1984,1334,"North Carolina",33.34,2016,0,-32
"NC",1985,1469,"North Carolina",33.34,2016,0,-31
"NC",1986,1436,"North Carolina",33.34,2016,0,-30
"NC",1987,1436,"North Carolina",33.34,2016,0,-29
"NC",1988,1579,"North Carolina",33.34,2016,0,-28
"NC",1989,1524,"North Carolina",50,2016,0,-27
"NC",1990,1540,"North Carolina",50,2016,0,-26
"NC",1991,1648,"North Carolina",50,2016,0,-25
"NC",1992,1621,"North Carolina",50,2016,0,-24
"NC",1993,1735,"North Carolina",50,2016,0,-23
"NC",1994,1863,"North Carolina",50,2016,0,-22
"NC",1995,1919,"North Carolina",50,2016,0,-21
"NC",1996,1869,"North Carolina",50,2016,0,-20
"NC",1997,1970,"North Carolina",50,2016,0,-19
"NC",1998,2015,"North Carolina",50,2016,0,-18
"NC",1999,1950,"North Carolina",50,2016,0,-17
"NC",2000,1937,"North Carolina",50,2016,0,-16
"NC",2001,2047,"North Carolina",50,2016,0,-15
"NC",2002,1889,"North Carolina",50,2016,0,-14
"NC",2003,1858,"North Carolina",50,2016,0,-13
"NC",2004,1894,"North Carolina",50,2016,0,-12
"NC",2005,1932,"North Carolina",50,2016,0,-11
"NC",2006,1967,"North Carolina",50,2016,0,-10
"NC",2007,1898,"North Carolina",50,2016,0,-9
"NC",2008,1889,"North Carolina",50,2016,0,-8
"NC",2009,1740,"North Carolina",50,2016,0,-7
"NC",2010,1464,"North Carolina",50,2016,0,-6
"NC",2011,1610,"North Carolina",50,2016,0,-5
"NC",2012,1562,"North Carolina",50,2016,0,-4
"NC",2013,1656,"North Carolina",50,2016,0,-3
"NC",2014,1776,"North Carolina",50,2016,0,-2
"NC",2015,1870,"North Carolina",50,2016,0,-1
"NC",2016,1961,"North Carolina",60,2016,1,0
"NC",2017,1892,"North Carolina",66.67,2016,1,1
"NC",2018,1913,"North Carolina",100,2016,1,2
"NC",2019,1824,"North Carolina",100,2016,1,3
"NC",2020,1724,"North Carolina",100,2016,1,4
"NC",2021,1801,"North Carolina",100,2016,1,5
"NC",2022,1724,"North Carolina",100,2016,1,6
"ND",1976,12594,"North Dakota",33.34,2016,0,-40
"ND",1977,15418,"North Dakota",33.34,2016,0,-39
"ND",1978,18619,"North Dakota",33.34,2016,0,-38
"ND",1979,25503,"North Dakota",33.34,2016,0,-37
"ND",1980,43927,"North Dakota",33.34,2016,0,-36
"ND",1981,103390,"North Dakota",33.34,2016,0,-35
"ND",1982,186685,"North Dakota",33.34,2016,0,-34
"ND",1983,184527,"North Dakota",33.34,2016,0,-33
"ND",1984,199553,"North Dakota",33.34,2016,0,-32
"ND",1985,176278,"North Dakota",33.34,2016,0,-31
"ND",1986,146971,"North Dakota",33.34,2016,0,-30
"ND",1987,95808,"North Dakota",33.34,2016,0,-29
"ND",1988,93257,"North Dakota",33.34,2016,0,-28
"ND",1989,79499,"North Dakota",33.34,2016,0,-27
"ND",1990,79576,"North Dakota",33.34,2016,0,-26
"ND",1991,108015,"North Dakota",33.34,2016,0,-25
"ND",1992,83305,"North Dakota",33.34,2016,0,-24
"ND",1993,131035,"North Dakota",33.34,2016,0,-23
"ND",1994,110396,"North Dakota",33.34,2016,0,-22
"ND",1995,113425,"North Dakota",33.34,2016,0,-21
"ND",1996,115470,"North Dakota",33.34,2016,0,-20
"ND",1997,135552,"North Dakota",33.34,2016,0,-19
"ND",1998,121192,"North Dakota",33.34,2016,0,-18
"ND",1999,100114,"North Dakota",33.34,2016,0,-17
"ND",2000,144740,"North Dakota",33.34,2016,0,-16
"ND",2001,164624,"North Dakota",33.34,2016,0,-15
"ND",2002,138244,"North Dakota",33.34,2016,0,-14
"ND",2003,161253,"North Dakota",33.34,2016,0,-13
"ND",2004,175625,"North Dakota",33.34,2016,0,-12
"ND",2005,262339,"North Dakota",33.34,2016,0,-11
"ND",2006,346672,"North Dakota",33.34,2016,0,-10
"ND",2007,391337,"North Dakota",33.34,2016,0,-9
"ND",2008,791692,"North Dakota",33.34,2016,0,-8
"ND",2009,827417,"North Dakota",33.34,2016,0,-7
"ND",2010,1136553,"North Dakota",33.34,2016,0,-6
"ND",2011,1021709,"North Dakota",33.34,2016,0,-5
"ND",2012,1713225,"North Dakota",33.34,2016,0,-4
"ND",2013,2457530,"North Dakota",33.34,2016,0,-3
"ND",2014,3293053,"North Dakota",33.34,2016,0,-2
"ND",2015,2849324,"North Dakota",33.34,2016,0,-1
"ND",2016,1550122,"North Dakota",50,2016,1,0
"ND",2017,1517134,"North Dakota",50,2016,1,1
"ND",2018,2115757,"North Dakota",60,2016,1,2
"ND",2019,2610995,"North Dakota",100,2016,1,3
"ND",2020,2086801,"North Dakota",100,2016,1,4
"ND",2021,1662082,"North Dakota",100,2016,1,5
"ND",2022,2858236,"North Dakota",100,2016,1,6
"OH",1976,3930,"Ohio",33.34,NA,NA,NA
"OH",1977,3918,"Ohio",33.34,NA,NA,NA
"OH",1978,3800,"Ohio",33.34,NA,NA,NA
"OH",1979,4582,"Ohio",33.34,NA,NA,NA
"OH",1980,4596,"Ohio",33.34,NA,NA,NA
"OH",1981,4167,"Ohio",33.34,NA,NA,NA
"OH",1982,4033,"Ohio",33.34,NA,NA,NA
"OH",1983,3968,"Ohio",33.34,NA,NA,NA
"OH",1984,6624,"Ohio",33.34,NA,NA,NA
"OH",1985,8192,"Ohio",50,NA,NA,NA
"OH",1986,9865,"Ohio",50,NA,NA,NA
"OH",1987,9528,"Ohio",50,NA,NA,NA
"OH",1988,9353,"Ohio",50,NA,NA,NA
"OH",1989,8799,"Ohio",50,NA,NA,NA
"OH",1990,9468,"Ohio",50,NA,NA,NA
"OH",1991,9461,"Ohio",50,NA,NA,NA
"OH",1992,9143,"Ohio",50,NA,NA,NA
"OH",1993,9203,"Ohio",50,NA,NA,NA
"OH",1994,9060,"Ohio",50,NA,NA,NA
"OH",1995,9135,"Ohio",50,NA,NA,NA
"OH",1996,8990,"Ohio",50,NA,NA,NA
"OH",1997,9155,"Ohio",50,NA,NA,NA
"OH",1998,9245,"Ohio",50,NA,NA,NA
"OH",1999,12167,"Ohio",60,NA,NA,NA
"OH",2000,9308,"Ohio",60,NA,NA,NA
"OH",2001,8302,"Ohio",60,NA,NA,NA
"OH",2002,8655,"Ohio",60,NA,NA,NA
"OH",2003,8065,"Ohio",60,NA,NA,NA
"OH",2004,8112,"Ohio",60,NA,NA,NA
"OH",2005,7920,"Ohio",60,NA,NA,NA
"OH",2006,7675,"Ohio",60,NA,NA,NA
"OH",2007,7015,"Ohio",60,NA,NA,NA
"OH",2008,9420,"Ohio",60,NA,NA,NA
"OH",2009,11052,"Ohio",60,NA,NA,NA
"OH",2010,10550,"Ohio",60,NA,NA,NA
"OH",2011,11197,"Ohio",60,NA,NA,NA
"OH",2012,10182,"Ohio",60,NA,NA,NA
"OH",2013,12308,"Ohio",60,NA,NA,NA
"OK",1976,151316,"Oklahoma",33.34,NA,NA,NA
"OK",1977,191351,"Oklahoma",33.34,NA,NA,NA
"OK",1978,230368,"Oklahoma",33.34,NA,NA,NA
"OK",1979,280982,"Oklahoma",33.34,NA,NA,NA
"OK",1980,436098,"Oklahoma",33.34,NA,NA,NA
"OK",1981,601486,"Oklahoma",33.34,NA,NA,NA
"OK",1982,742701,"Oklahoma",33.34,NA,NA,NA
"OK",1983,777687,"Oklahoma",33.34,NA,NA,NA
"OK",1984,703738,"Oklahoma",33.34,NA,NA,NA
"OK",1985,708816,"Oklahoma",33.34,NA,NA,NA
"OK",1986,571375,"Oklahoma",33.34,NA,NA,NA
"OK",1987,370178,"Oklahoma",33.34,NA,NA,NA
"OK",1988,386680,"Oklahoma",33.34,NA,NA,NA
"OK",1989,371573,"Oklahoma",33.34,NA,NA,NA
"OK",1990,395292,"Oklahoma",33.34,NA,NA,NA
"OK",1991,415528,"Oklahoma",33.34,NA,NA,NA
"OK",1992,354988,"Oklahoma",33.34,NA,NA,NA
"OK",1993,394134,"Oklahoma",33.34,NA,NA,NA
"OK",1994,372464,"Oklahoma",33.34,NA,NA,NA
"OK",1995,309553,"Oklahoma",33.34,NA,NA,NA
"OK",1996,319904,"Oklahoma",33.34,NA,NA,NA
"OK",1997,404050,"Oklahoma",33.34,NA,NA,NA
"OK",1998,338497,"Oklahoma",33.34,NA,NA,NA
"OK",1999,210205,"Oklahoma",33.34,NA,NA,NA
"OK",2000,392606,"Oklahoma",33.34,NA,NA,NA
"OK",2001,711072,"Oklahoma",33.34,NA,NA,NA
"OK",2002,364459,"Oklahoma",33.34,NA,NA,NA
"OK",2003,547951,"Oklahoma",33.34,NA,NA,NA
"OK",2004,655051,"Oklahoma",33.34,NA,NA,NA
"OK",2005,762506,"Oklahoma",33.34,NA,NA,NA
"OK",2006,1059919,"Oklahoma",33.34,NA,NA,NA
"OK",2007,942148,"Oklahoma",33.34,NA,NA,NA
"OK",2008,1184765,"Oklahoma",33.34,NA,NA,NA
"OK",2009,1067182,"Oklahoma",33.34,NA,NA,NA
"OK",2010,743686,"Oklahoma",33.34,NA,NA,NA
"OK",2011,830662,"Oklahoma",33.34,NA,NA,NA
"OK",2012,848947,"Oklahoma",33.34,NA,NA,NA
"OK",2013,515981,"Oklahoma",33.34,NA,NA,NA
"OK",2014,679406,"Oklahoma",33.34,NA,NA,NA
"OK",2015,556546,"Oklahoma",33.34,NA,NA,NA
"OK",2016,330824,"Oklahoma",33.34,NA,NA,NA
"OK",2017,441971,"Oklahoma",33.34,NA,NA,NA
"OK",2018,699937,"Oklahoma",33.34,NA,NA,NA
"OK",2019,1153138,"Oklahoma",33.34,NA,NA,NA
"OK",2020,829238,"Oklahoma",33.34,NA,NA,NA
"OK",2021,754292,"Oklahoma",33.34,NA,NA,NA
"OK",2022,1529945,"Oklahoma",33.34,NA,NA,NA
"OR",1976,3458,"Oregon",33.34,2004,0,-28
"OR",1977,3680,"Oregon",33.34,2004,0,-27
"OR",1978,4117,"Oregon",33.34,2004,0,-26
"OR",1979,47625,"Oregon",33.34,2004,0,-25
"OR",1980,50592,"Oregon",33.34,2004,0,-24
"OR",1981,56937,"Oregon",33.34,2004,0,-23
"OR",1982,50480,"Oregon",33.34,2004,0,-22
"OR",1983,49662,"Oregon",33.34,2004,0,-21
"OR",1984,29188,"Oregon",33.34,2004,0,-20
"OR",1985,31774,"Oregon",33.34,2004,0,-19
"OR",1986,32415,"Oregon",33.34,2004,0,-18
"OR",1987,33309,"Oregon",33.34,2004,0,-17
"OR",1988,31972,"Oregon",33.34,2004,0,-16
"OR",1989,37454,"Oregon",33.34,2004,0,-15
"OR",1990,52242,"Oregon",33.34,2004,0,-14
"OR",1991,63079,"Oregon",50,2004,0,-13
"OR",1992,63788,"Oregon",50,2004,0,-12
"OR",1993,70192,"Oregon",50,2004,0,-11
"OR",1994,74744,"Oregon",50,2004,0,-10
"OR",1995,77847,"Oregon",50,2004,0,-9
"OR",1996,64409,"Oregon",50,2004,0,-8
"OR",1997,52898,"Oregon",50,2004,0,-7
"OR",1998,45839,"Oregon",50,2004,0,-6
"OR",1999,49558,"Oregon",50,2004,0,-5
"OR",2000,38899,"Oregon",50,2004,0,-4
"OR",2001,34923,"Oregon",50,2004,0,-3
"OR",2002,29612,"Oregon",50,2004,0,-2
"OR",2003,25797,"Oregon",50,2004,0,-1
"OR",2004,16603,"Oregon",80,2004,1,0
"OR",2005,12148,"Oregon",80,2004,1,1
"OR",2006,12032,"Oregon",100,2004,1,2
"OR",2007,12513,"Oregon",100,2004,1,3
"OR",2008,11815,"Oregon",100,2004,1,4
"OR",2009,13038,"Oregon",100,2004,1,5
"OR",2010,12742,"Oregon",100,2004,1,6
"OR",2011,13199,"Oregon",100,2004,1,7
"OR",2012,14119,"Oregon",100,2004,1,8
"OR",2013,23305,"Oregon",100,2004,1,9
"OR",2014,23424,"Oregon",100,2004,1,10
"OR",2015,24149,"Oregon",100,2004,1,11
"OR",2016,13590,"Oregon",100,2004,1,12
"OR",2017,15293,"Oregon",100,2004,1,13
"OR",2018,15682,"Oregon",100,2004,1,14
"OR",2019,16218,"Oregon",100,2004,1,15
"OR",2020,15521,"Oregon",100,2004,1,16
"OR",2021,15482,"Oregon",100,2004,1,17
"OR",2022,16484,"Oregon",100,2004,1,18
"PA",1976,NA,"Pennsylvania",33.34,2007,0,-31
"PA",1977,NA,"Pennsylvania",33.34,2007,0,-30
"PA",1978,NA,"Pennsylvania",33.34,2007,0,-29
"PA",1979,NA,"Pennsylvania",33.34,2007,0,-28
"PA",1980,NA,"Pennsylvania",33.34,2007,0,-27
"PA",1981,NA,"Pennsylvania",33.34,2007,0,-26
"PA",1982,NA,"Pennsylvania",33.34,2007,0,-25
"PA",1983,NA,"Pennsylvania",33.34,2007,0,-24
"PA",1984,NA,"Pennsylvania",33.34,2007,0,-23
"PA",1985,NA,"Pennsylvania",33.34,2007,0,-22
"PA",1986,NA,"Pennsylvania",33.34,2007,0,-21
"PA",1987,NA,"Pennsylvania",33.34,2007,0,-20
"PA",1988,NA,"Pennsylvania",33.34,2007,0,-19
"PA",1989,NA,"Pennsylvania",33.34,2007,0,-18
"PA",1990,NA,"Pennsylvania",33.34,2007,0,-17
"PA",1991,NA,"Pennsylvania",33.34,2007,0,-16
"PA",1992,NA,"Pennsylvania",33.34,2007,0,-15
"PA",1993,NA,"Pennsylvania",33.34,2007,0,-14
"PA",1994,NA,"Pennsylvania",33.34,2007,0,-13
"PA",1995,NA,"Pennsylvania",50,2007,0,-12
"PA",1996,NA,"Pennsylvania",50,2007,0,-11
"PA",1997,NA,"Pennsylvania",50,2007,0,-10
"PA",1998,NA,"Pennsylvania",50,2007,0,-9
"PA",1999,NA,"Pennsylvania",50,2007,0,-8
"PA",2000,NA,"Pennsylvania",60,2007,0,-7
"PA",2001,NA,"Pennsylvania",60,2007,0,-6
"PA",2002,NA,"Pennsylvania",60,2007,0,-5
"PA",2003,NA,"Pennsylvania",60,2007,0,-4
"PA",2004,NA,"Pennsylvania",60,2007,0,-3
"PA",2005,NA,"Pennsylvania",60,2007,0,-2
"PA",2006,NA,"Pennsylvania",60,2007,0,-1
"PA",2007,NA,"Pennsylvania",70,2007,1,0
"PA",2008,NA,"Pennsylvania",70,2007,1,1
"PA",2009,NA,"Pennsylvania",83,2007,1,2
"PA",2010,NA,"Pennsylvania",90,2007,1,3
"PA",2011,NA,"Pennsylvania",90,2007,1,4
"PA",2012,NA,"Pennsylvania",90,2007,1,5
"PA",2013,NA,"Pennsylvania",100,2007,1,6
"PA",2014,NA,"Pennsylvania",100,2007,1,7
"PA",2015,NA,"Pennsylvania",100,2007,1,8
"PA",2016,NA,"Pennsylvania",100,2007,1,9
"PA",2017,NA,"Pennsylvania",100,2007,1,10
"PA",2018,NA,"Pennsylvania",100,2007,1,11
"PA",2019,NA,"Pennsylvania",100,2007,1,12
"PA",2020,NA,"Pennsylvania",100,2007,1,13
"PA",2021,NA,"Pennsylvania",100,2007,1,14
"PA",2022,NA,"Pennsylvania",100,2007,1,15
"RI",1976,NA,"Rhode Island",33.34,2015,0,-39
"RI",1977,NA,"Rhode Island",33.34,2015,0,-38
"RI",1978,NA,"Rhode Island",33.34,2015,0,-37
"RI",1979,NA,"Rhode Island",33.34,2015,0,-36
"RI",1980,NA,"Rhode Island",33.34,2015,0,-35
"RI",1981,NA,"Rhode Island",33.34,2015,0,-34
"RI",1982,NA,"Rhode Island",33.34,2015,0,-33
"RI",1983,NA,"Rhode Island",33.34,2015,0,-32
"RI",1984,NA,"Rhode Island",33.34,2015,0,-31
"RI",1985,NA,"Rhode Island",33.34,2015,0,-30
"RI",1986,NA,"Rhode Island",33.34,2015,0,-29
"RI",1987,NA,"Rhode Island",33.34,2015,0,-28
"RI",1988,NA,"Rhode Island",33.34,2015,0,-27
"RI",1989,NA,"Rhode Island",33.34,2015,0,-26
"RI",1990,NA,"Rhode Island",33.34,2015,0,-25
"RI",1991,NA,"Rhode Island",33.34,2015,0,-24
"RI",1992,NA,"Rhode Island",33.34,2015,0,-23
"RI",1993,NA,"Rhode Island",33.34,2015,0,-22
"RI",1994,NA,"Rhode Island",33.34,2015,0,-21
"RI",1995,NA,"Rhode Island",33.34,2015,0,-20
"RI",1996,NA,"Rhode Island",33.34,2015,0,-19
"RI",1997,NA,"Rhode Island",33.34,2015,0,-18
"RI",1998,NA,"Rhode Island",33.34,2015,0,-17
"RI",1999,NA,"Rhode Island",33.34,2015,0,-16
"RI",2000,NA,"Rhode Island",33.34,2015,0,-15
"RI",2001,NA,"Rhode Island",33.34,2015,0,-14
"RI",2002,NA,"Rhode Island",33.34,2015,0,-13
"RI",2003,NA,"Rhode Island",33.34,2015,0,-12
"RI",2004,NA,"Rhode Island",33.34,2015,0,-11
"RI",2005,NA,"Rhode Island",33.34,2015,0,-10
"RI",2006,NA,"Rhode Island",33.34,2015,0,-9
"RI",2007,NA,"Rhode Island",33.34,2015,0,-8
"RI",2008,NA,"Rhode Island",33.34,2015,0,-7
"RI",2009,NA,"Rhode Island",33.34,2015,0,-6
"RI",2010,NA,"Rhode Island",33.34,2015,0,-5
"RI",2011,NA,"Rhode Island",33.34,2015,0,-4
"RI",2012,NA,"Rhode Island",33.34,2015,0,-3
"RI",2013,NA,"Rhode Island",33.34,2015,0,-2
"RI",2014,NA,"Rhode Island",33.34,2015,0,-1
"RI",2015,NA,"Rhode Island",100,2015,1,0
"RI",2016,NA,"Rhode Island",100,2015,1,1
"RI",2017,NA,"Rhode Island",100,2015,1,2
"RI",2018,NA,"Rhode Island",100,2015,1,3
"RI",2019,NA,"Rhode Island",100,2015,1,4
"RI",2020,NA,"Rhode Island",100,2015,1,5
"RI",2021,NA,"Rhode Island",100,2015,1,6
"RI",2022,NA,"Rhode Island",100,2015,1,7
"SC",1976,NA,"South Carolina",33.34,2007,0,-31
"SC",1977,NA,"South Carolina",33.34,2007,0,-30
"SC",1978,NA,"South Carolina",33.34,2007,0,-29
"SC",1979,NA,"South Carolina",33.34,2007,0,-28
"SC",1980,NA,"South Carolina",33.34,2007,0,-27
"SC",1981,NA,"South Carolina",33.34,2007,0,-26
"SC",1982,NA,"South Carolina",33.34,2007,0,-25
"SC",1983,NA,"South Carolina",33.34,2007,0,-24
"SC",1984,NA,"South Carolina",33.34,2007,0,-23
"SC",1985,NA,"South Carolina",33.34,2007,0,-22
"SC",1986,NA,"South Carolina",33.34,2007,0,-21
"SC",1987,NA,"South Carolina",33.34,2007,0,-20
"SC",1988,NA,"South Carolina",33.34,2007,0,-19
"SC",1989,NA,"South Carolina",33.34,2007,0,-18
"SC",1990,NA,"South Carolina",33.34,2007,0,-17
"SC",1991,NA,"South Carolina",33.34,2007,0,-16
"SC",1992,NA,"South Carolina",33.34,2007,0,-15
"SC",1993,NA,"South Carolina",33.34,2007,0,-14
"SC",1994,NA,"South Carolina",50,2007,0,-13
"SC",1995,NA,"South Carolina",50,2007,0,-12
"SC",1996,NA,"South Carolina",50,2007,0,-11
"SC",1997,NA,"South Carolina",50,2007,0,-10
"SC",1998,NA,"South Carolina",50,2007,0,-9
"SC",1999,NA,"South Carolina",50,2007,0,-8
"SC",2000,NA,"South Carolina",50,2007,0,-7
"SC",2001,NA,"South Carolina",50,2007,0,-6
"SC",2002,NA,"South Carolina",50,2007,0,-5
"SC",2003,NA,"South Carolina",50,2007,0,-4
"SC",2004,NA,"South Carolina",50,2007,0,-3
"SC",2005,NA,"South Carolina",50,2007,0,-2
"SC",2006,NA,"South Carolina",50,2007,0,-1
"SC",2007,NA,"South Carolina",100,2007,1,0
"SC",2008,NA,"South Carolina",100,2007,1,1
"SC",2009,NA,"South Carolina",100,2007,1,2
"SC",2010,NA,"South Carolina",100,2007,1,3
"SC",2011,NA,"South Carolina",100,2007,1,4
"SC",2012,NA,"South Carolina",100,2007,1,5
"SC",2013,NA,"South Carolina",100,2007,1,6
"SC",2014,NA,"South Carolina",100,2007,1,7
"SC",2015,NA,"South Carolina",100,2007,1,8
"SC",2016,NA,"South Carolina",100,2007,1,9
"SC",2017,NA,"South Carolina",100,2007,1,10
"SC",2018,NA,"South Carolina",100,2007,1,11
"SC",2019,NA,"South Carolina",100,2007,1,12
"SC",2020,NA,"South Carolina",100,2007,1,13
"SC",2021,NA,"South Carolina",100,2007,1,14
"SC",2022,NA,"South Carolina",100,2007,1,15
"TN",1976,1818,"Tennessee",33.34,2024,0,-48
"TN",1977,2052,"Tennessee",33.34,2024,0,-47
"TN",1978,2128,"Tennessee",33.34,2024,0,-46
"TN",1979,2155,"Tennessee",33.34,2024,0,-45
"TN",1980,2204,"Tennessee",33.34,2024,0,-44
"TN",1981,2552,"Tennessee",33.34,2024,0,-43
"TN",1982,2512,"Tennessee",33.34,2024,0,-42
"TN",1983,3419,"Tennessee",33.34,2024,0,-41
"TN",1984,3335,"Tennessee",33.34,2024,0,-40
"TN",1985,2819,"Tennessee",33.34,2024,0,-39
"TN",1986,2321,"Tennessee",33.34,2024,0,-38
"TN",1987,1581,"Tennessee",33.34,2024,0,-37
"TN",1988,1820,"Tennessee",33.34,2024,0,-36
"TN",1989,1588,"Tennessee",33.34,2024,0,-35
"TN",1990,1537,"Tennessee",33.34,2024,0,-34
"TN",1991,1447,"Tennessee",33.34,2024,0,-33
"TN",1992,1199,"Tennessee",33.34,2024,0,-32
"TN",1993,1015,"Tennessee",33.34,2024,0,-31
"TN",1994,951,"Tennessee",33.34,2024,0,-30
"TN",1995,903,"Tennessee",33.34,2024,0,-29
"TN",1996,989,"Tennessee",33.34,2024,0,-28
"TN",1997,1124,"Tennessee",50,2024,0,-27
"TN",1998,861,"Tennessee",50,2024,0,-26
"TN",1999,802,"Tennessee",50,2024,0,-25
"TN",2000,957,"Tennessee",50,2024,0,-24
"TN",2001,1131,"Tennessee",50,2024,0,-23
"TN",2002,1120,"Tennessee",50,2024,0,-22
"TN",2003,1095,"Tennessee",50,2024,0,-21
"TN",2004,1061,"Tennessee",50,2024,0,-20
"TN",2005,1438,"Tennessee",50,2024,0,-19
"TN",2006,1796,"Tennessee",50,2024,0,-18
"TN",2007,1604,"Tennessee",50,2024,0,-17
"TN",2008,2357,"Tennessee",50,2024,0,-16
"TN",2009,2413,"Tennessee",50,2024,0,-15
"TN",2010,2251,"Tennessee",50,2024,0,-14
"TN",2011,2355,"Tennessee",50,2024,0,-13
"TN",2012,2450,"Tennessee",50,2024,0,-12
"TN",2013,2502,"Tennessee",50,2024,0,-11
"TN",2014,2487,"Tennessee",50,2024,0,-10
"TN",2015,2195,"Tennessee",50,2024,0,-9
"TN",2016,1444,"Tennessee",50,2024,0,-8
"TN",2017,1261,"Tennessee",60,2024,0,-7
"TN",2018,1025,"Tennessee",60,2024,0,-6
"TN",2019,1024,"Tennessee",60,2024,0,-5
"TN",2020,828,"Tennessee",60,2024,0,-4
"TN",2021,381,"Tennessee",60,2024,0,-3
"TN",2022,826,"Tennessee",60,2024,0,-2
"UT",1976,11723,"Utah",33.34,2011,0,-35
"UT",1977,8931,"Utah",33.34,2011,0,-34
"UT",1978,8926,"Utah",33.34,2011,0,-33
"UT",1979,8993,"Utah",33.34,2011,0,-32
"UT",1980,10584,"Utah",33.34,2011,0,-31
"UT",1981,16041,"Utah",33.34,2011,0,-30
"UT",1982,22295,"Utah",33.34,2011,0,-29
"UT",1983,19688,"Utah",33.34,2011,0,-28
"UT",1984,38416,"Utah",33.34,2011,0,-27
"UT",1985,49353,"Utah",33.34,2011,0,-26
"UT",1986,43905,"Utah",33.34,2011,0,-25
"UT",1987,21548,"Utah",33.34,2011,0,-24
"UT",1988,29156,"Utah",33.34,2011,0,-23
"UT",1989,30630,"Utah",33.34,2011,0,-22
"UT",1990,30096,"Utah",33.34,2011,0,-21
"UT",1991,39851,"Utah",33.34,2011,0,-20
"UT",1992,25776,"Utah",33.34,2011,0,-19
"UT",1993,20284,"Utah",33.34,2011,0,-18
"UT",1994,18872,"Utah",33.34,2011,0,-17
"UT",1995,21404,"Utah",33.34,2011,0,-16
"UT",1996,20358,"Utah",33.34,2011,0,-15
"UT",1997,25137,"Utah",33.34,2011,0,-14
"UT",1998,23009,"Utah",33.34,2011,0,-13
"UT",1999,14513,"Utah",33.34,2011,0,-12
"UT",2000,26689,"Utah",33.34,2011,0,-11
"UT",2001,51853,"Utah",33.34,2011,0,-10
"UT",2002,28972,"Utah",33.34,2011,0,-9
"UT",2003,37788,"Utah",33.34,2011,0,-8
"UT",2004,50009,"Utah",33.34,2011,0,-7
"UT",2005,73434,"Utah",33.34,2011,0,-6
"UT",2006,99517,"Utah",50,2011,0,-5
"UT",2007,101539,"Utah",50,2011,0,-4
"UT",2008,106060,"Utah",50,2011,0,-3
"UT",2009,102121,"Utah",50,2011,0,-2
"UT",2010,89162,"Utah",50,2011,0,-1
"UT",2011,101665,"Utah",66.66,2011,1,0
"UT",2012,107075,"Utah",83.34,2011,1,1
"UT",2013,112050,"Utah",100,2011,1,2
"UT",2014,155743,"Utah",100,2011,1,3
"UT",2015,130212,"Utah",100,2011,1,4
"UT",2016,52823,"Utah",100,2011,1,5
"UT",2017,29589,"Utah",100,2011,1,6
"UT",2018,42015,"Utah",100,2011,1,7
"UT",2019,45797,"Utah",100,2011,1,8
"UT",2020,53188,"Utah",100,2011,1,9
"UT",2021,37985,"Utah",100,2011,1,10
"UT",2022,97393,"Utah",100,2011,1,11
"VT",1976,NA,"Vermont",33.34,2023,0,-47
"VT",1977,NA,"Vermont",33.34,2023,0,-46
"VT",1978,NA,"Vermont",33.34,2023,0,-45
"VT",1979,NA,"Vermont",33.34,2023,0,-44
"VT",1980,NA,"Vermont",33.34,2023,0,-43
"VT",1981,NA,"Vermont",33.34,2023,0,-42
"VT",1982,NA,"Vermont",33.34,2023,0,-41
"VT",1983,NA,"Vermont",33.34,2023,0,-40
"VT",1984,NA,"Vermont",33.34,2023,0,-39
"VT",1985,NA,"Vermont",33.34,2023,0,-38
"VT",1986,NA,"Vermont",33.34,2023,0,-37
"VT",1987,NA,"Vermont",33.34,2023,0,-36
"VT",1988,NA,"Vermont",33.34,2023,0,-35
"VT",1989,NA,"Vermont",33.34,2023,0,-34
"VT",1990,NA,"Vermont",33.34,2023,0,-33
"VT",1991,NA,"Vermont",33.34,2023,0,-32
"VT",1992,NA,"Vermont",33.34,2023,0,-31
"VT",1993,NA,"Vermont",33.34,2023,0,-30
"VT",1994,NA,"Vermont",33.34,2023,0,-29
"VT",1995,NA,"Vermont",33.34,2023,0,-28
"VT",1996,NA,"Vermont",33.34,2023,0,-27
"VT",1997,NA,"Vermont",33.34,2023,0,-26
"VT",1998,NA,"Vermont",33.34,2023,0,-25
"VT",1999,NA,"Vermont",33.34,2023,0,-24
"VT",2000,NA,"Vermont",33.34,2023,0,-23
"VT",2001,NA,"Vermont",33.34,2023,0,-22
"VT",2002,NA,"Vermont",33.34,2023,0,-21
"VT",2003,NA,"Vermont",33.34,2023,0,-20
"VT",2004,NA,"Vermont",33.34,2023,0,-19
"VT",2005,NA,"Vermont",33.34,2023,0,-18
"VT",2006,NA,"Vermont",50,2023,0,-17
"VT",2007,NA,"Vermont",50,2023,0,-16
"VT",2008,NA,"Vermont",50,2023,0,-15
"VT",2009,NA,"Vermont",50,2023,0,-14
"VT",2010,NA,"Vermont",50,2023,0,-13
"VT",2011,NA,"Vermont",50,2023,0,-12
"VT",2012,NA,"Vermont",50,2023,0,-11
"VT",2013,NA,"Vermont",50,2023,0,-10
"VT",2014,NA,"Vermont",50,2023,0,-9
"VT",2015,NA,"Vermont",50,2023,0,-8
"VT",2016,NA,"Vermont",50,2023,0,-7
"VT",2017,NA,"Vermont",50,2023,0,-6
"VT",2018,NA,"Vermont",50,2023,0,-5
"VT",2019,NA,"Vermont",50,2023,0,-4
"VT",2020,NA,"Vermont",50,2023,0,-3
"VT",2021,NA,"Vermont",50,2023,0,-2
"VT",2022,NA,"Vermont",50,2023,0,-1
"VA",1976,707,"Virginia",33.34,NA,NA,NA
"VA",1977,705,"Virginia",33.34,NA,NA,NA
"VA",1978,813,"Virginia",33.34,NA,NA,NA
"VA",1979,1003,"Virginia",33.34,NA,NA,NA
"VA",1980,1012,"Virginia",33.34,NA,NA,NA
"VA",1981,1087,"Virginia",33.34,NA,NA,NA
"VA",1982,1280,"Virginia",33.34,NA,NA,NA
"VA",1983,1347,"Virginia",33.34,NA,NA,NA
"VA",1984,1424,"Virginia",33.34,NA,NA,NA
"VA",1985,1647,"Virginia",33.34,NA,NA,NA
"VA",1986,1600,"Virginia",33.34,NA,NA,NA
"VA",1987,1714,"Virginia",33.34,NA,NA,NA
"VA",1988,1668,"Virginia",33.34,NA,NA,NA
"VA",1989,1516,"Virginia",33.34,NA,NA,NA
"VA",1990,1556,"Virginia",33.34,NA,NA,NA
"VA",1991,1461,"Virginia",33.34,NA,NA,NA
"VA",1992,1426,"Virginia",33.34,NA,NA,NA
"VA",1993,1582,"Virginia",33.34,NA,NA,NA
"VA",1994,1678,"Virginia",33.34,NA,NA,NA
"VA",1995,1800,"Virginia",33.34,NA,NA,NA
"VA",1996,1653,"Virginia",33.34,NA,NA,NA
"VA",1997,1715,"Virginia",33.34,NA,NA,NA
"VA",1998,1924,"Virginia",33.34,NA,NA,NA
"VA",1999,1815,"Virginia",33.34,NA,NA,NA
"VA",2000,1910,"Virginia",50,NA,NA,NA
"VA",2001,1727,"Virginia",50,NA,NA,NA
"VA",2002,1644,"Virginia",50,NA,NA,NA
"VA",2003,1608,"Virginia",50,NA,NA,NA
"VA",2004,1680,"Virginia",50,NA,NA,NA
"VA",2005,1772,"Virginia",50,NA,NA,NA
"VA",2006,1852,"Virginia",50,NA,NA,NA
"VA",2007,2006,"Virginia",50,NA,NA,NA
"VA",2008,2060,"Virginia",50,NA,NA,NA
"VA",2009,1997,"Virginia",50,NA,NA,NA
"VA",2010,1882,"Virginia",50,NA,NA,NA
"VA",2011,1923,"Virginia",50,NA,NA,NA
"VA",2012,1986,"Virginia",50,NA,NA,NA
"VA",2013,2117,"Virginia",50,NA,NA,NA
"VA",2014,2165,"Virginia",50,NA,NA,NA
"VA",2015,2258,"Virginia",50,NA,NA,NA
"VA",2016,2468,"Virginia",50,NA,NA,NA
"VA",2017,2583,"Virginia",50,NA,NA,NA
"VA",2018,3327,"Virginia",50,NA,NA,NA
"VA",2019,3357,"Virginia",50,NA,NA,NA
"VA",2020,2042,"Virginia",50,NA,NA,NA
"VA",2021,3453,"Virginia",50,NA,NA,NA
"VA",2022,3831,"Virginia",50,NA,NA,NA
"WV",1976,0,"West Virginia",33.34,2022,0,-46
"WV",1977,0,"West Virginia",33.34,2022,0,-45
"WV",1978,0,"West Virginia",33.34,2022,0,-44
"WV",1979,0,"West Virginia",33.34,2022,0,-43
"WV",1980,0,"West Virginia",33.34,2022,0,-42
"WV",1981,0,"West Virginia",33.34,2022,0,-41
"WV",1982,0,"West Virginia",33.34,2022,0,-40
"WV",1983,0,"West Virginia",33.34,2022,0,-39
"WV",1984,0,"West Virginia",33.34,2022,0,-38
"WV",1985,0,"West Virginia",33.34,2022,0,-37
"WV",1986,0,"West Virginia",50,2022,0,-36
"WV",1987,15019,"West Virginia",50,2022,0,-35
"WV",1988,128486,"West Virginia",50,2022,0,-34
"WV",1989,135693,"West Virginia",50,2022,0,-33
"WV",1990,162692,"West Virginia",50,2022,0,-32
"WV",1991,173001,"West Virginia",50,2022,0,-31
"WV",1992,180833,"West Virginia",50,2022,0,-30
"WV",1993,170034,"West Virginia",50,2022,0,-29
"WV",1994,152945,"West Virginia",50,2022,0,-28
"WV",1995,176756,"West Virginia",50,2022,0,-27
"WV",1996,158932,"West Virginia",50,2022,0,-26
"WV",1997,184656,"West Virginia",50,2022,0,-25
"WV",1998,185551,"West Virginia",50,2022,0,-24
"WV",1999,153355,"West Virginia",50,2022,0,-23
"WV",2000,154239,"West Virginia",50,2022,0,-22
"WV",2001,167823,"West Virginia",50,2022,0,-21
"WV",2002,177093,"West Virginia",50,2022,0,-20
"WV",2003,193680,"West Virginia",50,2022,0,-19
"WV",2004,204126,"West Virginia",50,2022,0,-18
"WV",2005,307265,"West Virginia",50,2022,0,-17
"WV",2006,336387,"West Virginia",50,2022,0,-16
"WV",2007,328320,"West Virginia",50,2022,0,-15
"WV",2008,347592,"West Virginia",50,2022,0,-14
"WV",2009,376677,"West Virginia",50,2022,0,-13
"WV",2010,546304,"West Virginia",50,2022,0,-12
"WV",2011,585992,"West Virginia",50,2022,0,-11
"WV",2012,626203,"West Virginia",50,2022,0,-10
"WV",2013,608371,"West Virginia",50,2022,0,-9
"WV",2014,681824,"West Virginia",50,2022,0,-8
"WV",2015,668880,"West Virginia",50,2022,0,-7
"WV",2016,414253,"West Virginia",50,2022,0,-6
"WV",2017,321031,"West Virginia",50,2022,0,-5
"WV",2018,411895,"West Virginia",50,2022,0,-4
"WV",2019,462451,"West Virginia",50,2022,0,-3
"WV",2020,267049,"West Virginia",50,2022,0,-2
"WV",2021,274256,"West Virginia",50,2022,0,-1
"WV",2022,768794,"West Virginia",50,2022,1,0
"WI",1976,478,"Wisconsin",50,2006,0,-30
"WI",1977,698,"Wisconsin",50,2006,0,-29
"WI",1978,602,"Wisconsin",50,2006,0,-28
"WI",1979,362,"Wisconsin",50,2006,0,-27
"WI",1980,437,"Wisconsin",50,2006,0,-26
"WI",1981,554,"Wisconsin",50,2006,0,-25
"WI",1982,837,"Wisconsin",50,2006,0,-24
"WI",1983,952,"Wisconsin",50,2006,0,-23
"WI",1984,875,"Wisconsin",50,2006,0,-22
"WI",1985,959,"Wisconsin",50,2006,0,-21
"WI",1986,834,"Wisconsin",50,2006,0,-20
"WI",1987,1071,"Wisconsin",50,2006,0,-19
"WI",1988,915,"Wisconsin",50,2006,0,-18
"WI",1989,898,"Wisconsin",50,2006,0,-17
"WI",1990,868,"Wisconsin",50,2006,0,-16
"WI",1991,1334,"Wisconsin",50,2006,0,-15
"WI",1992,1275,"Wisconsin",50,2006,0,-14
"WI",1993,1349,"Wisconsin",50,2006,0,-13
"WI",1994,1881,"Wisconsin",50,2006,0,-12
"WI",1995,2255,"Wisconsin",50,2006,0,-11
"WI",1996,2627,"Wisconsin",50,2006,0,-10
"WI",1997,2181,"Wisconsin",50,2006,0,-9
"WI",1998,2945,"Wisconsin",50,2006,0,-8
"WI",1999,2456,"Wisconsin",50,2006,0,-7
"WI",2000,4749,"Wisconsin",50,2006,0,-6
"WI",2001,1340,"Wisconsin",50,2006,0,-5
"WI",2002,3460,"Wisconsin",50,2006,0,-4
"WI",2003,3295,"Wisconsin",50,2006,0,-3
"WI",2004,4610,"Wisconsin",50,2006,0,-2
"WI",2005,3476,"Wisconsin",50,2006,0,-1
"WI",2006,3739,"Wisconsin",60,2006,1,0
"WI",2007,4960,"Wisconsin",80,2006,1,1
"WI",2008,5290,"Wisconsin",100,2006,1,2
"WI",2009,5669,"Wisconsin",100,2006,1,3
"WI",2010,5004,"Wisconsin",100,2006,1,4
"WI",2011,5631,"Wisconsin",100,2006,1,5
"WI",2012,5013,"Wisconsin",100,2006,1,6
"WI",2013,6201,"Wisconsin",100,2006,1,7
"WI",2014,8984,"Wisconsin",100,2006,1,8
"WI",2015,9263,"Wisconsin",100,2006,1,9
"WI",2016,10562,"Wisconsin",100,2006,1,10
"WI",2017,10151,"Wisconsin",100,2006,1,11
"WI",2018,10667,"Wisconsin",100,2006,1,12
"WI",2019,267,"Wisconsin",100,2006,1,13
"WI",2020,1890,"Wisconsin",100,2006,1,14
"WI",2021,3991,"Wisconsin",100,2006,1,15
"WI",2022,1793,"Wisconsin",100,2006,1,16
